word,label
olosha,negative
làálàá,negative
gbẹ́nu sọ́hùn,negative
doyan,negative
adé ẹ̀gún,negative
agbelebu,negative
aditi,negative
fọwọ́ òsì,negative
lọ́láa wáhídù,positive
oríyọmí,positive
anfaani,positive
àṣeyẹ,positive
algbako,negative
sanwa,positive
oun ini,positive
abanije,negative
laibikitaopo,negative
ara le koko,positive
lemo,negative
luwon bi aso ofi,negative
ladùn,positive
orókè,positive
gbébọn,negative
ọgbọ́n,positive
láǹfààní,positive
yùngbàyùngbà,positive
lọ́ba,positive
ogbólògbó,negative
yẹ́ àga,negative
pataki pataki,positive
arifin,negative
bojumu,positive
gbẹ,negative
midun,positive
ìwàkuwà,negative
olódùmarè,positive
aláṣìkọ,negative
aiku baale oro,positive
ẹ dákun,positive
lẹ́mọ,negative
ẹsẹ́,positive
ṣẹ́kù,positive
pa je,negative
ìfọ̀kànbalẹ̀,positive
ajiki,positive
gbè,positive
àṣàìgbafẹ́,positive
pàbo lọ̀rọ̀ wọn jásí,negative
ara a tu yin,positive
arun ebola,negative
àníkún,positive
sanra,positive
ìbùkún,positive
arìnnà kore,positive
nparo,negative
modúpẹ́,positive
èdàmàrè,positive
korò,negative
ibodi,negative
ọ̀gbun,negative
légbodò,negative
ifá,positive
mura,positive
ojoola,positive
sunje,negative
ìgbáṣàlárugẹ,positive
oro isiti,positive
jandukun,negative
èébú,negative
penia,negative
sunkere fakere,negative
baálẹ̀ ọ̀rọ̀,positive
gbérù dórí,positive
gbomi loju,negative
ìwà aburú,negative
sanle,negative
inu midun,positive
alayelua,positive
gbe ife,positive
òrìṣà,positive
ore,positive
amúnibúni,negative
ngbadun,positive
elédùà,positive
tan ni,negative
ṣá bálábálá,negative
òfófó,negative
alààyè,positive
iree,positive
là,positive
ọ̀nà á là,positive
gbeyin leke,positive
àìjẹun kánú,negative
ominú kan,negative
jẹun èpè sanra,negative
kunju osunwon,positive
ifokanbale,positive
ewa,positive
régé,positive
ire ràbàtà,positive
ọ̀laọlọ́la,positive
kuna,negative
òwón,negative
àkàrá bá tú sépo,negative
je mula,positive
ìṣòro,negative
jàńjàń,negative
logo,positive
mesi,negative
ọtí,positive
ìtùbà,positive
ibojioran,negative
ko bikita,negative
omo garaji,negative
lẹ́fọ̀ọ̀rí,negative
kábíyèsí,positive
sọ̀bọ̀dìyẹsà,negative
da omi síwájú,positive
tokantokan,positive
ale,negative
anuibukun,positive
òtítọ́,positive
kóbá,negative
jẹ́ra wọn,negative
ṣe pẹ̀lẹ́,positive
ádé,positive
agbo ato,positive
ìtura,positive
àtúnṣe,positive
múnú bí mi,negative
sàńdákátà,positive
iron,positive
ọmọkáàárọ̀oòjíire,positive
ìfòyà,negative
dunni,negative
dáni,negative
ajakale àrùn,negative
kàn,negative
lakaye,positive
o se ko,negative
tu,positive
ruru,negative
iyanu,positive
gan,positive
tẹ̀yìn,negative
gbọ́nmi si,negative
ota,negative
ataare,positive
oku,negative
iṣẹ́abẹ,negative
laanu,positive
tiwa ba wa,negative
òkè,positive
alápámáṣiṣẹ́,negative
ìgbéga,positive
odaran,negative
dún,positive
àibófin,negative
oadupe,positive
àìmọ,negative
yáróbì,positive
kánjú,negative
ṣìrìn,positive
baaaje,negative
adẹ́dàá,positive
ìgboro,positive
òbẹ́nìkanjà,negative
pelepele,positive
tù,positive
jẹran,positive
suuru,positive
okunkun,negative
ìmọ́lẹ̀,positive
àgàn,negative
e seun,positive
amodun,positive
dàrìnnàkò,negative
jábọ́,negative
lekenka,positive
kòóngẹ́,positive
imo ṣọkan,positive
ẹrú,negative
fagbó,negative
ikilo,positive
ronu,positive
ba ti se,positive
inu nbi won,negative
àdáwọ́lẹ́,positive
opa ebiti,negative
o se,positive
yẹyẹ,negative
tọ́tá,negative
ìfàsẹ́yìn,negative
loluwa,positive
na ìyá ẹ̀,negative
atiniloju,negative
ìdìnkú,negative
iyanju,positive
emi ase pupô,positive
júbà,positive
ẹkún,negative
otito,positive
tilẹ̀kùn,negative
soogun owo,negative
ìròyìn ẹlẹ́jẹ̀,negative
lọ̀rẹ̀ẹ́,positive
gbàgbátí,negative
elétí ikún,negative
dí ọ̀nà,negative
lówó,positive
ilekun ayo,positive
gbémi,positive
lágbà,positive
kágún,negative
jàjẹjù,negative
ìwà ìmọ́tára ẹni,negative
isowo po,positive
suru,positive
tèmi dire,positive
rorun,positive
owoori,negative
olùgbégbá orókè,positive
ńpa,negative
lágídò,negative
ilẹ̀ tútù,positive
lẹ́kọ̀ọ́,positive
gbo ewuro,negative
ọ̀pẹ,positive
àìmọ iṣẹ́ kọ̀,negative
fẹ ǹkan ṣe,positive
iy,positive
èlédùà,positive
ogbon,positive
petele,positive
omi,positive
ṣọ̀rẹ́,positive
pọ́n ìtalẹ̀ lójú,negative
sagbara dotun,positive
yó,positive
ayò,positive
fóníre,positive
láàdúrà,positive
ó rẹ̀ mi,negative
iluoba,positive
ololuffe,positive
olofo,negative
gbadura,positive
lole,negative
palapala,negative
yanu,positive
àṣẹjèrè,positive
seria,negative
jefo,negative
ògo,positive
ajuwa,positive
arìnyà,negative
alakoba,negative
ajẹ́,positive
idunu,positive
ṣakitiyan,positive
dágbére fáyé,negative
eleriibu,negative
alágánnà,negative
owóìpè,positive
aàrùn,negative
yinni yinni,positive
ba omo molebi tabi ara e lopo,negative
àlékún,positive
pese,positive
jono,negative
bójú mu,positive
accept,positive
kẹ́,positive
níre níre,positive
àpọ́ńlé,positive
ọngbe,negative
moriwu,positive
aláṣọ pípọ́n,negative
ìsìnkú,negative
mekunun,negative
àmúaradàgbà,positive
bọ́jọ́ yọ,positive
àníyàn,positive
gìrìgìrì,negative
káṣá,negative
sẹ́só,negative
olaju,positive
tẹ̀síwájú,positive
irawo owuro,positive
sù mi,negative
gbófo,negative
ile ejo,negative
fajúro koko,negative
ìyìn,negative
ré kọjá ewé,negative
ńdènà,negative
omiigo,negative
ìlọsiwaju,positive
ajinde,positive
relè,negative
dóṣìpaàgbàànà,negative
àwátì,negative
ṣatilẹyin,positive
forí kóo,negative
daṣẹ́wó,negative
aigbagbe,positive
amoran,positive
gbemi le,positive
ọ̀pẹ̀,positive
rọ,negative
fífọ́,negative
fi enu ko japin,negative
ṣiyèméjì,negative
kólà,positive
ìwà ìdọ̀tí,negative
oku iya,negative
ga,positive
ojúmọ́,positive
o dodo,positive
janguda,negative
òsì,negative
pọpọ sinsin,positive
iyo,positive
solénù,negative
gbówó lórí,negative
pẹ̀tù,positive
oníjìbìtì,negative
iyapa,negative
iji ja,negative
àjíǹde,positive
àṣírí ń tú,negative
àdániwáyé,positive
da lamu,negative
lòrìṣà,positive
dabobo,positive
pele,positive
larewà,positive
òrom̀bó,negative
ìró,negative
àbùṣébùṣe,positive
gáfárà,positive
ikunle abiamo oooooo,negative
omo iya,positive
lewa,positive
ọ̀jọ̀gbọ́n,positive
pálapàla,negative
àse,positive
ijakule,negative
ebí,negative
tirilionu,positive
jànánjànán,negative
pani lẹ́rìnín,positive
àfowófà,negative
òkóbó,negative
kayin lara,negative
kóríburúkú,negative
ìgbésókè,positive
kù,negative
dojuti,negative
abẹ́ ààbò,positive
agö,negative
aseyi semi,positive
jaiye,positive
ilera,positive
lọ́balọ́ba,positive
pòórá,negative
aṣiwere,negative
loje,negative
ìpamọ́ ọ̀rọ̀,negative
oji re,positive
ilosiwaju,positive
san ni,positive
jesu,positive
egungun eja,negative
jambaeni,negative
àìṣòdod,negative
onijamba,negative
lère,positive
ishiti,positive
atata,positive
fara sin,positive
abuke,negative
yegi,negative
dángájíá,positive
aaji re bi,positive
feleduwa,positive
ahun,negative
dáà,positive
túfọ̀,negative
inu mi din,positive
darijì,positive
lojutu,positive
ngbáni,negative
ṣowó,positive
lewà,positive
sa,positive
musàn,positive
igunpa,negative
ragba,negative
ńjá,negative
saanu,positive
sumi,negative
ma de be ma tu koja,positive
ọlọ́ṣà,negative
mẹ́hẹ,negative
ẹ̀tàn,negative
ilani loye,positive
dise,negative
sowo,positive
ìkójanuara,positive
dèèmọ̀,negative
idakẹjẹ,positive
kò bá kùngbẹ́,negative
olóòótọ́,positive
ofon,negative
niyi,positive
rírọ̀,positive
ìṣọ̀nú,negative
sunre,positive
daaju,negative
àìfinǹkanpenǹkan,negative
omímulé,negative
sán pa,negative
tàkìtàn,negative
dáa,positive
pàsípaàrọ̀paàrọ̀,negative
ìwọ̀túnìwòsì,positive
abiyamo,positive
ohun tí wọn ò tó,negative
lẹ́bọ,negative
ẹ̀gàn,negative
adúpẹ,positive
ekunrere,positive
ẹ̀mí á ṣọ̀pọ̀,positive
àfènìyànpènìyàn,negative
dẹ̀dẹ̀,positive
alawada,positive
òlooto,positive
ara yá gágá,positive
akinkanju,positive
adun,positive
dúpé,positive
pẹlẹ,positive
elétígbàròyé,positive
abirun,negative
ajoji,negative
oireayo,positive
ìkórè,positive
oògo,positive
fidi remi,negative
ọ̀bùn,negative
opelope,positive
aṣebí,negative
nkóre,positive
àpèmọ́nra,positive
akuri,negative
more,positive
e ku ise,positive
ìdọ̀tí,negative
dànù,negative
arintakiti,positive
eja nla,positive
jiya,negative
kíàtó,negative
emi e ta kaiti,negative
opuro,negative
ọlọ́run,positive
gbé,positive
lọ́pọlọ,positive
elégbò,negative
lọlẹ́,negative
amin,positive
ole,negative
tuntu,positive
mansaré,positive
egan,negative
adanwo,negative
adojutini,negative
akọni,positive
rìkísí,negative
àrìnnàkore,positive
atunluse,positive
ri ba ti se,positive
gun,positive
ìkorò,negative
áìkú,positive
nírọ́,negative
alaafia,positive
sógbón,positive
ribiribi,negative
ori yin kuku ti daru,negative
àìkúbaálẹ̀ọrọ̀,positive
ifa,positive
etan,negative
ṣépè,negative
saati,positive
ààrùn,negative
kún,positive
òmìnira,positive
wúrà,positive
igberaga,negative
jí ware,positive
asokale anfani,positive
lẹ́ṣọ̀ọ́,positive
forí sọgi,negative
ojú tì ọ́,negative
tikuku,negative
ìbálòpọ̀,positive
iope,positive
gbàámù,negative
ìwà,positive
ọlọ́hun,positive
seni laanu,negative
àmì àìsàn,negative
isonu,negative
ayarabiasa,positive
arojúowó,negative
gbùrù,negative
júṣe,positive
o la fiwe,positive
isińmi,positive
gbówó,positive
ibajee,negative
janra rẹ̀ mọ́lẹ̀,negative
wírù,negative
yẹyẹlé,positive
joyè,positive
powó,positive
ma ńbí mi,negative
dotun,positive
láṣẹ,positive
ìbọ̀kubọ̀,negative
gbore,positive
òórùn,negative
bu igi je,negative
àdó olóróo,negative
àsálà,negative
àpèkánukò,positive
níre,positive
gbére,positive
adura,positive
yọ́,positive
gbóhùn ìyá,positive
ayanfe,positive
iro,negative
gbajúmọ̀,positive
ike,positive
olóríkórí,negative
ẹnu àtẹ́,negative
àfiẹ́yìn,negative
ọ̀la,positive
luwon,negative
tewon de,negative
lolorun,positive
eewu,negative
fa ako yo,negative
àsùnjí,positive
folore,positive
akunwosile,positive
ọ̀tunọ̀tun,positive
gbọ̀ndí,negative
kogbon,negative
ogun,negative
ṣọ́ra,positive
àbámọ̀,negative
lonle,negative
idariji,positive
odûn,positive
fi erigi jobi,positive
àìșe déédéé,negative
ìkíni ọlọ́yàyà,positive
alainironu,negative
shamona,positive
abinu,negative
gbiyanju,positive
ologbonoro,positive
wo gau,negative
para,negative
ṣeb,negative
ìsimin,positive
pase,positive
ire fẹ̀nfẹ̀,positive
sọ́pẹ́,positive
àtowó,positive
sun re o,positive
lukudi,negative
ọpẹ́ẹ,positive
edakun,positive
dáadáa,positive
adanu,negative
nitoto,positive
bú,negative
bílíọ̀nù,positive
a laanu,positive
ariwo ikunle abiyamo,negative
irọ,negative
omugo,negative
fìyà,negative
kedumare,positive
yàyààkuyà,negative
ji,negative
jẹ́rìí,positive
badiloki,negative
yọrí sí rere,positive
lai lábùkù,positive
kàṣàì tù wá,positive
ẹbọ,negative
alọni lọwọ,negative
àfàtó,negative
apanije,negative
jegudujera,negative
fọ́,negative
ibinu,negative
alagidi,negative
gbemi,negative
òdáran,negative
àrùn jẹjẹrẹ,negative
lágara,negative
mú ojú to,positive
odaju,negative
eedi,negative
feku,positive
ìṣekúṣe,negative
so sini lenuo,negative
ìjọba àpapọ̀,positive
ṣọ̀tá,negative
káràmásìkí,positive
eto,positive
ja iwe fun,negative
ọmọ rere,positive
rogun,negative
ṣoríire,positive
àwàdà,positive
ojobi,positive
ajiire,positive
ìjẹgúdújẹrá,negative
afenifebi,negative
ologo,positive
ajirebi,positive
egun,negative
wọn ò lẹ́kọ̀ọ́,negative
adániwáyè,positive
nbaje,negative
haha,negative
ta mi lára,negative
igba oroke,positive
jimoh,positive
ogún,negative
bẹ̀rù,negative
olojoibi,positive
ikan o gbekan,negative
ẹ̀tọ́,positive
fẹ́,positive
iyebiye,positive
wobia,negative
lowó,positive
dẹrún,positive
iwofa,negative
fẹ̀sọ̀,positive
pagúnugún,negative
ẹ̀rí ìfẹ́,positive
ire rìbìtì,positive
òṣì,negative
oge,positive
eré,positive
parada,positive
erè,positive
aàrún,negative
atifokanbale,negative
àkàrà òyìnbò,positive
olodumare,positive
eleribu,negative
ijanmba,negative
ìpinnu,positive
ọlọ́pọlọ,positive
dààmú,negative
re,positive
dà,negative
àkekèé,negative
dìgbòlugi,negative
jeya,negative
jèrè,positive
aṣiwè,negative
edun okan,negative
farígá,negative
orí burúkú,negative
jo,negative
wura,positive
ọbaafúnniṣe,positive
ọmọ játijàti,negative
atike,positive
ṣíra,negative
òdodo,positive
kẹ́rú,positive
olòṣì,negative
buburu,negative
atęnuję,negative
eje ru,negative
ìfe,positive
rirun,negative
ẹlẹ́jẹ̀,negative
ọ̀gbọ́n,positive
ológun,negative
damu,negative
ṣíọ̀,negative
finú ṣoyún,positive
ìgbìyànjú,positive
alárà,positive
amebo,negative
nìyí,positive
iyebíye,positive
rẹ́rẹ́,positive
karaole,positive
eye,positive
efon,negative
yinban pa,negative
ashewo,negative
aṣẹ,positive
agbèrò,negative
asasi,negative
koja,positive
akóṣìbérò,negative
fa gbùrù,negative
ranti,positive
ago,negative
inú ma ńbí mi,negative
eseun,positive
mọyì,positive
á júṣe,positive
bilisi,negative
fola,positive
ona shi,positive
iranu,negative
inù wá dun,positive
fẹsẹ̀ kọ,negative
ìkọkúkọ,negative
pẹrú,negative
joba,positive
fipá,negative
ibere,positive
yahooyahoo,negative
fọ àgbọn,negative
àìmète àìmèrò,negative
àáfà alágánnà,negative
eriokan,positive
were,negative
gbamu gbamu,positive
lọgbọ́n,positive
sekú,negative
yí dànù,negative
dìndìnrìn,negative
ìlérí,positive
osika,negative
pàtàkì,positive
ìwòsàn,positive
akobata,negative
làákáyè,positive
tẹ̀pá ìlẹ̀kẹ̀,positive
alakori,negative
mafo,positive
shofo,negative
awíbẹ́ẹ̀jẹ́bẹ́ẹ̀,positive
bùyọ,positive
oríire,positive
ó tún buyọ̀,positive
oloun,positive
àjẹmọ́nú,positive
àjẹdọ́ba,negative
asiere,negative
wéré,negative
ọdun,positive
ajoyo,positive
ateramoshe,positive
da wàrà nù,negative
ojú ń tì,negative
àjígẹ̀,positive
da gbere fun aiye,negative
dudu,positive
sinmi,positive
kérésìmesì,positive
lágbọ̀nọ́n jù,negative
àìní ìforítì,negative
iyùn,positive
ṣá,negative
fọwọ́sí,positive
kosowo,negative
ààfin,positive
kun,positive
oro ishiti,positive
ìdaṣẹ́sílẹ̀,negative
aìkú,positive
oreofe,positive
segbe,negative
fi owo pa ewu,positive
ìgbádùn,positive
oró,negative
oga,positive
fajúro,negative
atura,positive
nípakúpa,negative
ominira,positive
dupẹ,positive
wóo,negative
yẹni,positive
gbosa,positive
ìwọ̀sí,negative
ayọ̀,positive
ẹ̀ṣẹ,negative
ayesi,positive
káre,positive
ọmọ ọkọ,positive
gbóhùn ọmọ,positive
aamin,positive
ọkanjuà,negative
jàgídíjàgan,negative
re ìwàlẹ̀àsà,negative
lejú,positive
rìnhòòhò,negative
ajinido,negative
ojusaaju,negative
àlùmọ́ọ́nì,positive
doju ti,negative
fìlà má wobẹ̀,negative
jésù,positive
àyájọ́,positive
da ọjà rú,negative
kò lọ́pọlọ,negative
abiamọ,positive
kòtò,negative
idunnu,positive
daran,negative
ku ori ire,positive
foju bale ejo,negative
ębi,negative
dọ́ta,negative
gbe omo sin,negative
ààbò,positive
jẹ́jẹ́,positive
egbe,positive
aíṣòdodo,negative
gbagbo,positive
yọnu,negative
ìbẹ̀rù bojo,negative
ijamba,negative
ṣawerepèpè,negative
jẹgúdújẹrá,negative
kákú,negative
jagun aye,negative
ja soja,negative
ìbọn,negative
jiire,positive
lékún,positive
ibi giga,positive
tọ̀nà,positive
eyan lasan,negative
ìgbàgbé,negative
èpè,negative
pose,negative
ìparun,negative
aseju,negative
akàn,positive
á rúwé,positive
kabiesi,positive
ríre,positive
sowó,positive
elede,negative
ìnira,negative
dẹ́kun,positive
nà,negative
dìkòtó,positive
jagun,negative
yi,positive
àgbẹdọ̀,negative
dábírà,positive
ṣètùtù,negative
àrìnnàkòre,positive
yín,positive
ómó ókò,positive
láàánú,positive
meeri,negative
àrugisẹ́gi,negative
apapapandodo,negative
alásàs,negative
kí kú,negative
pami,negative
dín,negative
àtubọ̀tán,positive
parọ́,negative
ala,positive
gúnrégé,positive
ọmọlúàbí,positive
aláìníṣẹ́,negative
ọjọ àlayọ̀,positive
ẹ ku ọdún,positive
àìgbọ́n,negative
iluogbon,positive
awure,positive
ọ̀nà àbáyọ,positive
wàhálá,negative
láìkú,positive
opé,positive
lógo,positive
àlè,negative
jáwálẹ̀,negative
ojojo,negative
ọlọgbọ́n,positive
parun,negative
owujije,negative
gbémi lékè,positive
ọ́pẹ́,positive
gbó̩n,positive
eewo,negative
ṣojo,negative
efara bale,positive
àfọwọ́fà,negative
lẹtọ,positive
ìdágbẹ́,negative
àhesọ,negative
lárugẹ,positive
tùwọ́n nínú,positive
a jii re bi,positive
tu asiri,negative
olori,positive
inú mi dùn,positive
inu a si bi mi,negative
olóṣèlú,negative
idagbasoke,positive
ko ni wo,negative
su saaga,negative
aadun,positive
koju,negative
fáàrí àṣejù,negative
lotun,positive
gaa,positive
ìgàn,positive
ìbínú,negative
da orì ko,negative
láàpọ́njù,negative
jeje,positive
jale,negative
ọlọ́pẹ,positive
òmùgọ̀,negative
oníwà tùtù,positive
didun,positive
siregun,negative
èlédùwà,positive
gbaiwajuiwaju,positive
gba ijoba,negative
kasa kasa,negative
loke,positive
eemo,negative
ko bojumu,negative
ake,negative
pa ọmọlọ́mọ lẹ́kún,negative
gbàlù,positive
aláwo ire,positive
tún nàìjíríà ṣe,positive
àtàlááfíà,positive
báre,positive
ayun lo,positive
inu,positive
akindanidani,negative
olówó,positive
mùdùnmùdùn,positive
ifipa bani lopo,negative
oto,positive
aforijin,positive
dá wa sí,positive
àjànàkúu,positive
kàbùkù,negative
kónílégbélé,negative
ìdẹ̀rùn,positive
bírọ́,negative
olúborí,positive
koba,negative
pọntí,positive
akoba,negative
iyìn,positive
olóṣèlúu,negative
kanju,negative
ki,positive
èbi,negative
ìṣọ̀kan,positive
fire,positive
igbeyawo,positive
edumareogo,positive
olote,negative
sùmíìtì ètè,negative
bíbẹ́,negative
ẹ̀rù,negative
alase,positive
ọba lọ́la,positive
ńṣàwúre,positive
elépè,negative
ẹṣin inú ìwé,negative
oludaabobo,positive
ọlọ́jọ́ ìbí,positive
òjòjò,negative
èsùn,negative
ìgárá ọlọ́ṣà,negative
aláàánúùn,positive
ofe,positive
dàgbàyà,negative
anikun owo,positive
lẹ̀ṣọ́,positive
naira,positive
opura,negative
run,negative
afoju,negative
batise,positive
fagilé,negative
yo apoti ni idi,negative
ya abo,positive
ona abayo,positive
híhòhò,negative
toluwa,positive
lọ́ṣẹ́,negative
ke,positive
ododo,positive
lákọ̀tun,positive
ìṣẹ́,negative
ọba òkè,positive
daradara,positive
gbomo gbomo,negative
pàntí,negative
awati,negative
rógun,negative
wonbiliki,negative
àdanwò,negative
bíre,positive
inú wa dùn,positive
jole,negative
wó,negative
àjẹ́,negative
abosi,negative
wọ́dẹ́ ń híhòhò,negative
láya,positive
ako,negative
yepere,negative
òmíràn,positive
pàṣẹ,positive
koya,negative
sunkún,negative
párun,negative
ṣiṣẹ́ abẹ,negative
àsàkásà,negative
ojelu,negative
ọ̀sé,negative
ọ̀wọ́n gógó,negative
ìbánújé,negative
gbẹ̀yẹ,positive
àrìrá,negative
omolomo laa ran nise de torutoru,negative
ẹsẹ̀,negative
jaaja,negative
tanrawa jẹ,negative
makanju,positive
seregun,negative
àlááfìà,positive
ìmọ̀,positive
kunmo,negative
ajíṣere,positive
gbega,positive
aitete,negative
orí ire,positive
àjòjì,negative
ọgbọ́n àrékérekè,negative
ìwúre,positive
ínúure,positive
ìninilára,negative
ore ofe,positive
ma se fi owo osi juwe ile baba ati iya,negative
ìyànjẹ,negative
mùọ́mọ́dù,positive
jí,negative
ojumo re,positive
ṣàwúre,positive
idà,negative
èèwọ̀,negative
etí ikún,negative
eru,negative
idagba soke,positive
afibi sure,negative
itura,positive
olúwa,positive
ohun rere,positive
lodun,positive
mosọ́pẹ́,positive
pa okùn so,negative
kansárá,positive
gbemii,negative
atoroje,negative
rofu,negative
ṣòfò,negative
du,negative
rírẹ́nijẹ,negative
odale,negative
ọ̀yọ́ojúlówó,positive
afunni ma siregun,positive
dami si,positive
débi àìkú wà,positive
àsọ̀kalẹ̀ ànfààní,positive
ọrọ ẹyin,negative
ọ̀fẹ́,positive
mímọ́,negative
congratulations,positive
agbofin ro,positive
bàmí ńnú jẹ́,positive
ìtẹríba,positive
agbódegbà,negative
alákorí,negative
tuntun,positive
e se gan,positive
gbọ̀n,positive
olotito,positive
ọwọn,positive
idẹ,positive
omoluwabi,positive
lékè,positive
àjèjì,negative
yankolu yankolu,negative
kókó,positive
yọn gàn,positive
orí yá,positive
aasa,negative
ibi ire,positive
iyán ewú,negative
arinrin,positive
ręwa,positive
ìṣíti,positive
àánú,positive
ìkúùkù,negative
ẹlẹ́tàn,negative
òbẹ,negative
alágbára ayé,negative
layo layo,positive
gbọ́mọ pọ̀n,positive
àlọre,positive
ìrírí ayé,positive
gbekele,positive
olókùnrùn,negative
àdájà logun,negative
masanfani,negative
ategun,positive
lésé,negative
àtàtà,positive
oro iyanju,positive
gberu eleru sori,negative
àtẹ̀pẹ́,positive
alaimore,negative
finá ọmọ,negative
oro aje,positive
shior,negative
súnkẹrẹ fàkẹrẹ,negative
aponle,positive
imura,positive
tẹ́rùn,positive
ẹṣeun,positive
gbena woju,negative
bajẹ,negative
eburu,negative
onijekuje,negative
ketan sare,negative
gbè yín,positive
itiju,negative
pampe,negative
arugbo,positive
rudurudu,negative
abamo,negative
okugbe,negative
ọlọ́ràn,negative
lobaje,negative
tọmọ,positive
pẹ́ láyé,positive
sufayo,negative
gbayì,positive
àsẹ̀,positive
sako,positive
fọpẹ́,positive
bọ́,negative
àfẹnuní,negative
òlódùmaré,positive
aisododo,negative
obo,negative
ayun bo,positive
burukú,negative
afani,positive
ta ni pa,negative
sókùnkùn birimùbirimù,negative
nífẹ̀ẹ́,positive
igbaju gbigbona,negative
arun,negative
ado oloro,negative
solore,positive
wáídù,positive
jeni,negative
iwa ibaje,negative
yunmu yunmu,negative
jàrè,positive
ṣé ún,positive
níbẹ̀rù,negative
ọ̀rọ̀,positive
ojogbon,positive
ilẹ̀ á ṣá,negative
imoran,positive
oree,positive
kòbákùngbẹ́ ọ̀rọ̀,negative
túntún,positive
tọ̀ọ́lé tọ̀ọ́lé,negative
kiolohun kigbe,negative
ẹ̀fọn burúkú,negative
kokoro,positive
ní láárí,positive
ilé ẹjọ́,negative
ìṣáájú,positive
bu yin,negative
fíafìa,negative
ìkìlọ̀,positive
ńfi kú,negative
rérè,positive
ifasehin,negative
yan fanda fanda,positive
já sásán,negative
olupese,positive
aláìnírònú,negative
lèsó,positive
ìrégbè,negative
satileyin,positive
fi orun ke,positive
tomo,positive
dáàbò bo,positive
wara,positive
rogbodiyan,negative
adawole,positive
ògidì,positive
kẹ́gbin,negative
ekún,negative
pidan,positive
kutuojire,positive
ayédèrú,negative
otoju su mi,negative
lọre,positive
báṣubàṣu,negative
ìbon,positive
aláyòlé,positive
itara,negative
dan moran,positive
dòòṣà,positive
isiti,positive
asamodun,positive
ìgbeyàwó,positive
darandaran,positive
jaguda,positive
olókun,positive
déédé,positive
maje,negative
àwámârídìí,positive
kristi,positive
da,positive
túlààsì,negative
go,negative
dùn,positive
olólùfẹ́ẹ̀,positive
àtọ̀yè,positive
buyọ̀,positive
ìbẹ̀rù,negative
lakaaye,positive
ọrọ̀,positive
ọ̀run àrèmabọ̀,negative
àfojúsùn,positive
lọ́rẹ,positive
ówó,positive
kò sọ́wọ́,negative
ti jefo,negative
jare,positive
dewa lorun,positive
pokùnso,negative
fakọyọ,positive
oríre,positive
igi oyin,negative
shaanu,positive
oro,positive
dá lóró,negative
edumare,positive
lekun,negative
ìdààmú,negative
koja ifarada,negative
ejò,negative
alaanu,positive
inu wa dun,positive
ẹni re,positive
ràrìn fẹsẹ̀ sí,negative
akitiyan,positive
tepa mo ise,positive
sòdodo,positive
pana,positive
bá ò kú,positive
ilé ọba,positive
òsèlú,negative
tẹ̀ǹbẹ̀lẹ̀kun,negative
sofo emi,negative
masanfan,negative
ìdàgbàsókè,positive
àbọ̀re,positive
ìṣẹ̀ṣe,positive
sepe,negative
ọ̀wọ́n,negative
ẹni ẹ̀tàn,negative
loro,negative
iwa ibajee,negative
arísìkí,positive
idande,positive
ye,positive
láìṣẹ̀,negative
ofutu fete,negative
sire,positive
ìpamọ́,positive
awada,positive
ọgaogo,positive
a gö,negative
elédùmare,positive
opolo,positive
níbi gíga,positive
rọgbọ,positive
apani,negative
faari,positive
lòótọ́,positive
eni apewo,positive
ìdanilẹ̀kọ̀ọ́,positive
ase yori,positive
lábẹ́ gbígbóná,negative
fúlàní darandaran,negative
ni simi,positive
oroaje,positive
rán yín lọ́wọ́,positive
sayeye,positive
ihale,negative
mọ́ṣááláṣí,positive
aláfíà,positive
toyin,positive
kó eyin wọlé,negative
ọdún,positive
ọlọ́pọlọ pípé,positive
ìjẹkújẹ,negative
sòsé,positive
ami,positive
adaran,negative
ọlọ́run ọba,positive
ṣọpẹ́,positive
ṣe ni láàánú,negative
àrìnàkore,positive
ajá,negative
eleyameya,negative
ìgbónsè,negative
ọ̀mútí,negative
òkùnkùn,negative
gbe mi ga,positive
gba ẹ̀mí,negative
kọbi ara,positive
aikubaale oro,positive
ibujoko,positive
e wa,positive
rékọjá,positive
ifokonbale,positive
takun takun,positive
fokan tan,positive
aláàbò,positive
alaise,positive
iponrinpongba,negative
shaye,positive
jo ni lowo,negative
ìkókúkòó,negative
mọ́ṣààṣí,negative
oyin,positive
tù wá lára,positive
ọjọ́bìí,positive
wà á dàgbà,positive
àìkúàlàáfíàajé,positive
akotun,positive
wàjà,negative
ódùn,positive
kese kese,negative
iyi,positive
aláyọ̀,positive
ko pangara,positive
ó mà ṣe o,negative
olúwanífẹ̀ẹ́mi,positive
aori ona gbe gba,positive
jẹ́ wá run,negative
soro,negative
sun re,positive
ife,positive
mólè,negative
lọ́láa,positive
oojire,positive
mutí yó,negative
ìkúnlẹ̀,positive
ihooho,negative
atupa,positive
te araye lorun,positive
yinban,negative
poposinsin,positive
àwòrò ṣàṣà,positive
olutunu,positive
afunni,positive
ojú rere,positive
kòńgẹ́ ire,positive
arìndìn,negative
iṣẹ́,positive
ìmọtara ẹni,negative
ọrẹ́,positive
kò ṣe é gbọ́,negative
aládòóolóró,positive
orire,positive
abinu eni,negative
jó gbẹ̀du,positive
leranko,negative
inú yín á dùn,positive
ro mi,negative
àtọwọ́dá,negative
sọre,positive
ọ̀rọ̀kọrọ̀,negative
yọ̀ ṣẹ̀ṣẹ̀,positive
sorí àgbà kodò,negative
ayé le,negative
rerr,negative
ẹwà,positive
ifagagbaga,positive
ọlọ́ṣa,negative
lóminú,negative
egbe okunkun,negative
ìwà rere,positive
wurà,positive
ẹlẹ́bọèpè,negative
ebora,negative
esè,positive
alafia,positive
ojurere,positive
alabukun,positive
só síni lẹ́nu,negative
omi dànù,negative
wèrè,negative
gbógun,negative
jegudujẹra,negative
ìdánilọlá,positive
kabiosi,positive
asiwerey,negative
orun apadi,negative
arikose,positive
larun,negative
duro,positive
fo ori e danu,negative
àrékérekè,negative
pírí lolongo ń jí,positive
iji,negative
lẹ̀rọ̀,positive
ìgbàgbọ́dayọ̀,positive
gún,positive
ajínigbé,negative
ìpayínkeke,negative
oníbúọrẹ,positive
ijà,negative
yá,negative
apẹranjayé,negative
àpamọ́wọ́,positive
kóyán mi kéré,negative
láì jáfara,positive
alakatakiti,negative
ọ̀jẹ̀lú,negative
ìràwọ̀,positive
ìbà,positive
modupẹ,positive
aláwàdà,positive
o gun,negative
rólówó,positive
dara dara,positive
gbàgbé,negative
ojú gbà mí tì,negative
ajé,positive
bóńfò,negative
ojú ayé,negative
ayé,positive
búburú,negative
wumi,positive
sanwó,positive
ifipa bani lo pò,negative
o ṣeun,positive
wájú,positive
lọ́dún,positive
ewun,negative
àmúṣagbára,positive
funwase,positive
dara,positive
àgbákò,negative
okanbale,positive
mi ò gbà,negative
fẹ́ràn,positive
ri mabo,negative
àfiṣe,negative
forisole,negative
wo,positive
ràrìnfẹsẹ̀sí,negative
ajige,positive
játijàti,negative
aiye le,negative
ta,positive
iroju,negative
aláálẹ̀,positive
ìhalẹ̀,negative
àkàndá,positive
tako leko,positive
àjàjà ṣẹ́gun,positive
amuni buni,negative
rewa,positive
da orí ìṣe kodò,negative
ajílẹ̀,positive
ẹṣin,negative
mọ́,positive
posika,positive
alai nironueje,negative
egungun,negative
òfìfo,negative
yè,positive
olà,positive
gbéni ṣánlẹ̀,negative
sakọ,positive
àyànfẹ́,positive
sangba fo,positive
wolimo,positive
tútù,positive
òfò,negative
erin,positive
inu mi se dun,positive
àkúfà,negative
esin,negative
jade laye,negative
àtẹ̀yìntọ̀,negative
rógo,negative
kúkú,negative
kóre,positive
édùmarè,positive
àsàsí,negative
ìdẹra,positive
fadaka,positive
mólè dání,negative
ajàfẹ́tọ̀ọ́,positive
àìnítẹ̀ẹ́lọ́rùn,negative
ariwo,negative
iwa jegudu jera,negative
agídí ọkàn,negative
àṣírí,positive
sinwon wale aiye,negative
opolopo,positive
iṣẹ́ abẹ,negative
irawo,positive
ronu jinle,positive
àbíkú,negative
kí,positive
àpèmọ́ra,positive
èèdì,negative
ogbontarigi,positive
gba,positive
rójú,positive
tarà ẹ́ní nikan,negative
ọ̀run àpáàdì,negative
alafiya,positive
ó kẹ́ran,negative
túnṣe,positive
lebi,negative
ìtesíwájú,positive
dàgbà sókè,positive
kọ̀yìn,negative
imo,positive
kòrónà,negative
ndun,positive
àjekún,negative
gberaga,negative
ìṣítí,positive
mú wa nígànán,negative
àyípadà,positive
aṣore,positive
opolo yin ti daru,negative
ololufe,positive
lókè,positive
jáfira,negative
láabi,negative
àtúnkọ,positive
ọ̀fẹ̀,positive
ko ni san,negative
mure,positive
àjànàkú,positive
ààtàn,negative
arijo,positive
dáná,negative
ajíṣọpẹ́,positive
so sini lenu,negative
owoire,positive
ànú,positive
ya pẹ́rẹpẹ̀rẹ,negative
wúre,positive
ori ire,positive
nse,negative
jera,negative
dẹkun,positive
okanjua,negative
dópin,negative
ìgbàlà,positive
àìfinipeni,negative
gún régé,positive
alanu,positive
jẹ̀gbẹ̀,negative
atogbojule,positive
ajuwaase,positive
gbadun,positive
àgbéláruge,positive
alayo,positive
àpónlé,positive
ìwà ìbájẹ́,negative
alákẹdun,positive
iṣẹ́ ribiribi,positive
eeṣin,negative
oloriburuku,negative
rúdurùdu,negative
oluwa,positive
asala,negative
abo,positive
àmúlùmálà,negative
gboron,positive
tan ni pa,negative
jẹun yó,positive
mílíọ̀nù,positive
èké,negative
oògùn olóró,negative
ahoro,negative
bu ẹnu àtẹ́,negative
lápa,positive
owó tabua,positive
ibigiga,positive
jí ọmọ gbé,negative
ìyà,negative
lànà,positive
aseye,positive
ibi,negative
okunrun,negative
ìkánjú,negative
àbùṣe,positive
ikú dóró,positive
àìsìnmi,negative
tura,positive
run igbe,negative
yangan,positive
làlùyọ,positive
ẹni ègbé,negative
adẹ́mìí légbodò,negative
yẹ,positive
gbèmí,positive
fòfinde,negative
feranmi,positive
àlé,negative
mekunu,negative
ẹhọ̀nnà,negative
ìgbágó,negative
ajípọjọ́ikúdà,positive
ẹ̀rọ̀ pẹ̀sẹ̀,positive
alájẹk,negative
àjà ṣẹ́gun,positive
aláìsàn,negative
òtútù,negative
jire,positive
agídí,negative
iroyin,positive
radarada,negative
ṣebi,negative
ṣàduà,positive
adua,positive
ade,positive
elaja,positive
ọ̀darànmọràn,negative
ìmò,positive
ọgbọ̀n,positive
onigbeseonijekujeoninakuna,negative
nkan mi lominu,negative
olowo,positive
fólódùmarè,positive
tẹ̀rín,positive
láṣẹ́,positive
fọwọ́ páwú,positive
alagbara,positive
orí ọmọ míì á ti dọ́ta,negative
alufansa,negative
leke,positive
orí bíbẹ́,negative
san,positive
rubo,positive
lejú koko,negative
kó rọ̀,positive
láàmú,negative
ferìgì jobì,positive
rúgbó,negative
olójúkòkòrò,negative
àjọyọ̀,positive
gbàrọgùdù,negative
pa ènìyàn,negative
polio,negative
ẹni ibi,negative
epe,negative
ọmọ òrukan,negative
gbólóhùn asọ̀,negative
daa,positive
èèpà,negative
anjonu,negative
gbó,positive
balẹ̀,positive
daraki,positive
lùpa,negative
layerere,positive
ẹ̀ṣẹ́,positive
tètè là,positive
àrìnmabọ̀,negative
géle,negative
fowo wewo,positive
fọ́jú,negative
olulana,positive
aláìbìkítà,negative
ọmọ ènìyàn ò fọhùn bí ènìyàn,negative
ọ̀nà ẹ̀bùrú,negative
òlè,negative
tina bole,negative
onibuore,positive
waire,positive
yeye,negative
ogboju,negative
wura iyebiye,positive
ọ̀pọ̀,positive
fọ́lọ́run,positive
e se,positive
tẹ ojú òfin,negative
ara ò rokùn,negative
baálẹ̀ọrọ̀,positive
towó,positive
rona gbegba,positive
tu wa lara,positive
danu,negative
á bálú jẹ́,negative
fọwọ́ ṣosùn,positive
olofofo,negative
ara galatia,negative
layẹyẹ,positive
ọ̀run àrìnmabọ̀,negative
ìdíwọ́,negative
de ònà,positive
ńdààmú,negative
aráibí,negative
iṣẹ́ takuntakun,positive
kuta,negative
odaru,negative
tage,positive
fore,positive
ọ̀wọ̀ rere,positive
àìṣedédé,negative
ndolosi,negative
olóyin,positive
ran igun yin,negative
ewé ńlá,positive
rù,negative
á ṣe,positive
kájé,positive
lokun,positive
kaaro oji re,negative
si rin,negative
jalè,negative
jamba,negative
ibon,negative
jẹjẹ,positive
àkìtàn,negative
ródoròdo,negative
olódì mi,negative
dọlọ́mọ,positive
raaraa,positive
jere,positive
pọ̀,positive
suti,negative
isimi,positive
ayęyę,positive
dògbó,positive
alásàsí,negative
esun,negative
ojumare,positive
òdú,positive
ẹ̀sín,negative
dogbon,positive
àìgbọràn,negative
mẹ̀kúnnù,negative
áṣẹ,positive
ise akoni,positive
níbi,negative
koburu,positive
tú ọ̀yọ́ilé,negative
ẹ kú ọdún,positive
onímẹ̀ẹ́lẹ́,negative
dáàbò,positive
aláriwo,negative
aralíle,positive
ìfọ̀rọ̀jomitoro,positive
lọ́yàyà,positive
okelegbigbe,negative
àjẹ ìwẹ̀hìn,negative
agbanilagbatan,positive
òótọ́,positive
irú,negative
àdáwọ́lé,positive
olohunse,positive
inú ń bí,negative
oògún,negative
pa ayé run,negative
omi ìṣanwó,negative
dẹ́rù,negative
eranko,negative
seku,negative
jìgá,negative
alo koloun kigbe,negative
ola,positive
foyin,positive
oogun,positive
ibòji,positive
àṣìgbà,negative
opépúpò,positive
aseyege,positive
omo ale,negative
ko ni da,negative
ò fẹ́ kákú,positive
logun,negative
ọmọlúàb,positive
ìtara,negative
daaru,negative
fọ,negative
dana si ile,negative
falẹ̀ ya,negative
yaso,positive
àjórẹ̀hìn,negative
a ku odun,positive
kú,negative
òṣùbà,positive
lakínkanjú,positive
ò gbọdọ̀ ṣojo,positive
aruge,positive
alaseju,negative
atenuje,negative
ija,negative
gbemi soke,positive
júbàà,positive
yoke,negative
òlòrūn,positive
iná,negative
tooto,positive
arindin,negative
ẹlẹṣẹ,negative
kọ́ni,positive
so gbon,positive
ologun,negative
wulo,positive
lewu,negative
enu,negative
aláìmọ̀kan,negative
simi,positive
àbò,positive
aísáyà,negative
dede,positive
ìgbégaà,positive
ileke,positive
kabamo,negative
ibà,negative
ọ̀pọ̀lọ́,positive
a ò níí rí ìdààmú,positive
irin boro,negative
yege,positive
yahoo,negative
ajinde ara,positive
alaaye,positive
subu,negative
àṣe,positive
korikosun,positive
keresi,negative
ajodun,positive
mẹ́kúnnù,negative
ẹkún apọkọjẹ,negative
otẹ̀,negative
àmú yọn gàn,positive
gbere,positive
ràrìn fẹsẹ̀,negative
paruku,negative
eleyi o da,negative
àtàjèrè,positive
ìlọsíwájú,positive
yabo,positive
ọpẹ́lọpẹ́,positive
pa èèyàn,negative
omi ò,negative
jáfáfá,positive
giga,positive
ànọ́bì,positive
ojume re,positive
emabinu,positive
yèyé,positive
ẹ̀kọ́,positive
àsetì,negative
isinmin,positive
ọwọ́ epo,positive
jehofah,positive
iwajuiwaju,positive
í rẹ,positive
àjó rẹ́yìn,negative
kò tó,negative
lásìgbo,negative
tiju,positive
ibòoji,positive
ò fẹ́ kálà,negative
oshi,negative
gbolẹ̀,negative
olupamo,positive
kẹ́sẹjárí,positive
oshii,negative
ọlọ́yàyà,positive
ìgbòkègbodò,negative
fáàrí ẹ̀ṣẹ́,negative
jọ̀tá,negative
àìbìkítà,negative
ituju,negative
ni ira,positive
ọ̀kánjúà,negative
dara po,positive
ọwọ́,positive
iranse okunkun,negative
ntèdùmàrè,positive
ìyè,positive
sooto,positive
dẹlẹ̀,positive
se amodun,positive
àjíkì,positive
ifokan bale,positive
aifarabale,negative
ọ̀wọ̀,positive
àfòyà ibi,positive
ire kìrìbìtì,positive
farada,positive
eégún,negative
igbadun,positive
alàìmore,negative
irorun,positive
oòjíire,positive
bintin lopolo re,negative
nǹkan ṣe,negative
looto,positive
bára wọn sùn,negative
takiti,negative
kágbọ́n,positive
gbìnyànjú,positive
àìláròjinlẹ̀,negative
dojuru,negative
ìjọ̀gbọ́n,negative
kú gbì,negative
aláìjẹ̀bi,positive
iléayé wá le koko,negative
eléebi,negative
ogo,positive
náwónáwó,positive
ofo,negative
òye,positive
ẹ̀rín,positive
ṣòro,negative
omo iran kiran,negative
èéfín,negative
afárá,negative
iṣoro,negative
ilu oba,positive
asedanu,negative
áwọ̀,negative
nla,positive
alọni lọwọ gba,negative
oju rere,positive
akoni,positive
sise sise,positive
é se,positive
mùsùlùmì,positive
rọrùn,positive
orun alakeji,negative
ńyọ̀,positive
akitan,negative
sáfẹ́fẹ́,positive
yọrí,positive
bí ẹlẹ́mọ̀ṣọ́ nínú,negative
àitọ́,negative
látìmọ́lé,negative
iyawo,positive
àìtètè,negative
foju tenbelu,negative
ibukun,positive
jẹjẹrẹ èjìká,negative
ládé orí,positive
ọ̀mùtígbàgbéìṣẹ́,negative
aye le,negative
nife,positive
asegi ta,negative
coronavirus,negative
ìfàsṣhìn,negative
pariwo,negative
yẹ mí,positive
adaniloro,negative
bàsèjẹ́,negative
èèmọ̀,negative
ọdún á yabo,positive
ijongbo,negative
àtàn,negative
for,positive
òṣìkà,negative
á ṣẹ,positive
ẹ̀ẹ́kẹ́ èébú,negative
sòro,negative
lolúwa,positive
ajinigbe,negative
ńbẹ,positive
ibëru,negative
totọ,positive
àṣeyọrí,positive
rọ́jú,positive
kori,positive
eda,positive
feran,positive
tutù,positive
yá ni lẹ́nu,negative
arungun,negative
yankolu,negative
dana sun,negative
inudidun,positive
oba,positive
inú bi,negative
rakatiya,negative
sàánú,positive
omo alatakiti,negative
ipá,negative
bùkún,positive
léwu,negative
àlayọ̀,positive
iṣẹ́ rẹpẹtẹ,positive
àáké,negative
daajumose,positive
eledua,positive
òrìṣà òkè,positive
ṣeré,positive
ojumo ire,positive
idi remi,negative
ńfẹ́,positive
agbebon,negative
àṣìtẹ̀,negative
àríyá,positive
lu,negative
kìrìbìtì,positive
amùṣùà,positive
inú dídùn,positive
épo gbígbóná,negative
òṣìṣẹ́,positive
oôdun,positive
feni,positive
ìpolówó,positive
olugbala,positive
atoku maku,negative
ìtànná ipadò,positive
hó ruru,negative
ṣàfarawé,negative
iran kiran,negative
àdáwọ́léè,positive
adúrú,positive
oju ti mi,negative
ìrànlọ́wọ́ọ̀,positive
jáde láyé,negative
ase,positive
laruge,positive
àìkú,positive
àgùtàn,positive
bombu,negative
eleduwa,positive
gbeni,positive
eku ò ké bí eku,negative
kíbà,positive
fibinu,negative
pa,negative
ise takun takun,positive
ewúro,positive
la,positive
lápá,positive
fowo osi juwe ile,positive
kọ̀yìn sí tia,negative
eṣinṣin,positive
aanu,positive
ọmọ ìyá,positive
imu danrin,negative
rẹwà,positive
lájé,positive
afẹ́rẹ́,positive
àjíkí,positive
dani,negative
ẹyẹ ò ké bí ẹyẹ,negative
ayélujára,positive
ẹṣin ò kọkú,negative
imo toto,positive
òwón gógó,negative
aseti,negative
fi owo osi ju we,negative
dana,negative
fokanbale,positive
ìyá,negative
ojú tì yín,negative
ganpa,negative
ẹ̀san,negative
bójú weyín,negative
bínú,negative
kainkain,negative
agbọ́n,negative
ìbi,negative
olùgbàlà,positive
ohun meremere,positive
da inu ru,negative
làákàyè,positive
ailopin,positive
eledumare,positive
jẹ̀b,negative
kan gógó,negative
aṣaralóore,positive
olórí ire,positive
kìnínní,negative
ku,negative
eleduaa,positive
dáada,positive
láìpànìyàn,negative
ndeni giga,positive
bọ́ lọ́wọ́ èèyàn,negative
wọ̀bìà,negative
aginjù,negative
aya abo,positive
fọ́mọlúàbí,positive
lotito,positive
ọlọ́gbọ́n,positive
pọ́n,positive
towo towo,positive
ireákárí,positive
lola,positive
ohun àṣírí,negative
ríbi,negative
aajiirebi,positive
olólá,positive
kayefi,negative
ètekéte,negative
ṣèkà,negative
ìmoore,positive
beru,negative
gbewa,positive
alátakò,negative
ọ̀pẹ̀ẹ́,positive
parowa,positive
afurasí,negative
òkúìgbẹ́,negative
yọ jọ̀tá lọ,positive
síwájú,positive
pampe ofin,negative
faaji,positive
alákatakìtì,negative
oriire,positive
mòlúmọ̀ọ́ká,positive
isokan,positive
sàmóndún,positive
maku,negative
tówó,positive
dukiya,positive
àsọjù,negative
ẹ káre,positive
alákọ̀wé,positive
lopo,negative
gbeyawo,positive
kòókòó,negative
ẹlẹ́nu maàrímàsọ,negative
iku,negative
ìbẹ̀rùbojo,negative
laruje,positive
dìde,positive
ọmọìta,negative
ìsinm,positive
fi ikan gbakan,negative
fọ́wọ́ agbára,negative
ìràwọ̀ òwúrò,positive
ṣàtẹnujẹ,negative
ori,positive
apesin,positive
asetani,negative
bale oro,positive
doríkodò,negative
ibaje,negative
pẹ̀lẹ̀,positive
lẹ́wọ̀n,negative
ìṣọ́,positive
egbò,negative
anfani,positive
ìlera,positive
alápatà,negative
da n saki,positive
ńgbáni,negative
ja iwe,negative
lákáláká,negative
ise de torutoru,negative
kilo,positive
idaabobo,positive
àlááfià,positive
orunmila,positive
igbelaruge,positive
ndolos,negative
yìn,positive
tó ómó ré,positive
beeni kori,positive
soonu,negative
ruburubu,positive
tòrutòru,negative
jẹjẹrẹ,negative
sá kiri,negative
àfaradà,positive
daju,negative
iwa ojelu,negative
ọlá rẹ̀hìn,negative
tòótọ́,positive
lòfẹ́,positive
jàgùdà,negative
àdùfẹ́,positive
opc,negative
fowo osi,negative
aalafia,positive
mope,positive
elédùmarè,positive
bíntín,negative
lanu,positive
orí fífọ́,negative
pani,negative
ẹ̀tànjẹ,negative
lasan,negative
shakara,negative
aami,positive
baálẹ̀ ọrọ̀,positive
ríbá,positive
gbara wa sílẹ̀,positive
dada,positive
ire kàbìtì,positive
ọlọ́mọ,positive
iṣẹ́oníṣẹ́,negative
wawa,positive
pa ọ̀nà,positive
alarun opolo,negative
ṣàngó,positive
alákìísa,negative
ìtìjú,negative
ìsinmi,positive
kọjá,positive
ipalemo,positive
àmójúkúrò,positive
tọkàntọkàn,negative
òsìkà,negative
o,negative
abàlújẹ́,negative
ohun àlùmọ́ọ́nì,positive
gbàbọ̀dè,negative
ìmọ̀lẹ̀,positive
ṣàkùṣákù,negative
aisan,negative
gboromi di eleru,negative
gbéná karí,negative
ọ̀tọ̀kùlú,positive
aferi,positive
igba ope,positive
jẹbẹtẹ,negative
efi ake kori,negative
giran,negative
nise de torutoru,negative
lámọ̀dún,positive
tobi,positive
dará ìlú láàmú,negative
eso pele,positive
ìjìyà,negative
gbayaaláya,positive
túfọ̀ ikúu rẹ̀,negative
ọ́dún,positive
dáràndáràn,negative
olugbafo,negative
jìn,negative
àmín àṣẹ,positive
yíyẹ,positive
ìkùnsínú,negative
ìwà pálapàla,negative
oloshelu,negative
láyọ̀,positive
ni wọ́n ń ṣe ara wọn,negative
bara jẹ́,negative
towotowo,positive
magun,negative
bẹ ẹ̀rù,positive
fimi lokan bale,positive
àtẹ̀wá,positive
ògbólógbòó,negative
fi imu danrin,negative
táwọ́ ná,negative
péye,positive
oshe,positive
emi asika,positive
lowo,positive
bùn,positive
kore,positive
àpésìn,positive
se,positive
gbatoju,positive
otun,negative
iná alẹ́,positive
odùduwà,positive
warofu,negative
oye,positive
ògùn,negative
dup,positive
ìmúniláàárẹ̀,negative
wàhálà,negative
ọmọ́gọ̀,negative
paro,negative
ṣẹ́gun,positive
lu pa,negative
ìlàjú,positive
ìkórìíra,negative
fẹ́ni,positive
rojú,negative
sejo,negative
ata jere oja,positive
òbẹ́nìkanjà fọwọ́ gún gbogbo ilé nímú,negative
gbón,positive
jiyon,negative
mẹ́nu mọ́,negative
ìtànná,positive
jìyà,negative
àgbàyà,negative
òṣùpà,positive
pe lowo eni,positive
gbà fúnun yín,positive
gbagbe,negative
kere oko,positive
adigunjalè,negative
orin,positive
ikú òjijì,negative
dárí ji,positive
ba araye fowo tii,negative
wúlò,positive
ajeku,negative
àdúrà,positive
ohun tó yẹ,positive
lára yá,positive
lere,positive
fọgba yángan,negative
akónilẹ́rú,negative
eré e géle,negative
àbùùbùtán,positive
igbalode,positive
káàárọ̀oòjíire,positive
oniranu,negative
fakoyo,positive
ọdún tuntun,positive
rere,positive
ẹkun,negative
ete,negative
fope,positive
ìwúrí,positive
oòduà,positive
ìfé,positive
dágbére,positive
arawa ya,positive
ge,negative
aníbiníran,positive
emi,positive
ìwàlẹ̀àsà,negative
gàba,negative
sunwọ̀n,positive
ṣọra,positive
iṣẹ́ ribi ribi,positive
karo,positive
tẹ ojú òfin mọ́lẹ̀,negative
tiwantiwa,positive
nsope,positive
ṣetíkunkun,negative
sope,positive
ogun idile,negative
ẹjọ́ ẹlẹ́jọ́,negative
puro,negative
asiwere,negative
oríburúkú,negative
afẹ́fẹ́,positive
ọlọ́rọ̀,positive
olè,negative
larug,positive
ọ̀ràn,negative
lókè lókèe,positive
buru,negative
laaruge,positive
aigbo,negative
igba iponju,negative
dìí lókùn,negative
alajẹẹn bẹku,negative
ayabo,positive
gbàbòdè,positive
ìmọ̀ràn,positive
ọlọ́un,positive
tàràkà,negative
kodun,negative
ìgbàlódé,positive
pẹ́,positive
ẹ̀yẹ,positive
ṣáyó,positive
àsè yí sàmóndún,positive
aseyori,positive
ayẹyẹ,positive
irọ́,negative
saare omo,negative
oludande,positive
tó,positive
ẹlẹ́dàá,positive
doju ti wa,negative
gbìyànjú,positive
abanilọ́kànjẹ́,negative
ẹni gíga,positive
aku odun,positive
àìjẹun,negative
moire,positive
bẹ́ oríi,negative
aṣeni,negative
adọgbadelẹ,positive
ọjọ́àìkú,positive
ebi,negative
ìrọ̀rùn,positive
èkísà,negative
olóògbé,negative
ṣàngbà fọ́,negative
lewon,negative
obe,negative
pasan,negative
ibí,negative
ìfọnáfọnṣú,negative
ja,negative
kíkan,negative
ọlọhun,positive
ifè,positive
aanfani,positive
ọ̀rẹ́,positive
orisa,positive
dẹrun,positive
ese,negative
àṣoṣùmoṣù,positive
ojú ti,negative
ẹdun arinlẹ̀,negative
pekoro,negative
oògùn ìlera,positive
fara pa yánnayànna,negative
ìlú ọba,positive
pokunso,negative
digbolugi,negative
idabobo,positive
ko derun,negative
lerin,positive
asewo,negative
sàn,positive
pupó,positive
dádé,positive
suwa,negative
eje alaise,negative
fe,positive
oku igbe,negative
alálùbáríkà,positive
daada,positive
ake kori,negative
ohun tí ò yẹ,negative
foju di e,negative
nikú òjijì,negative
púpọ̀,positive
kiku,negative
padanu,negative
elegan,negative
ja no,negative
jáná,negative
èjìgbàrà ìlèkè,positive
tọ́,positive
somo,positive
wọ́mọ,positive
njayé,positive
fọ̀wọ̀,positive
pàdánù,negative
yan,positive
ayederu,negative
ṣépé,negative
ẹnu lẹbọ,negative
ika,negative
ńṣekúṣe,negative
àìgbàgbé,positive
àrìnnà kore,positive
omi ishanwo,negative
juba,positive
ìfura,positive
pe,negative
laaye,positive
fota,negative
jí sówó,positive
kàyéfì,negative
kàgbákò,negative
ajíríre,positive
ikúu,negative
rúbọ,positive
inú ma ńbí,negative
sọra,positive
ṣoore,positive
ngbere,positive
ohun kan,positive
buruku,negative
bale,positive
ṣofo,negative
iro kabitkabiti,negative
ebun,positive
kaleluya,positive
lómi nú,negative
ọ̀tún,positive
le,negative
larugę,positive
jii re,positive
alaini,negative
bólóògùn ìkà,negative
wahala,negative
iyinati,positive
ọ̀tá,negative
yánnayànna,negative
layo,positive
anu,positive
ayewo,positive
pa ipò dà,negative
fẹ́ṣẹ̀ fẹẹ,positive
kilọ,positive
ràn yín lówó,positive
ìyanu,positive
kó wa lọ́bẹ̀,negative
iwaju,positive
àsákú,negative
imotara eni nikan,negative
isoro,negative
ṣẹja,negative
fìyà jẹ,negative
afefe,positive
paayan,negative
fi enu wa rofu,negative
ọlájú,positive
sile ejo,negative
esan,negative
mi owon,positive
amona orun malo,negative
forí ṣọ́pọ́n‍️,negative
ṣàgbèrè,negative
baninu jè,negative
àìmète,negative
ìṣẹ́gu,positive
ìríra,negative
aṣètọ́júara,positive
ìrẹ́pọ̀,positive
se o,positive
ku die kaato,negative
siwin,negative
fárígá,negative
alọkólóhunkígbe,negative
kùmọ̀,negative
gbegede bá gbiná,negative
láárí,positive
dún mọ̀huru mọ̀huru,negative
fara,positive
omiran,positive
ìtàkùn,negative
yípadà,positive
olùmọ̀nà,positive
oran,negative
ipanilaya,negative
akótilétà,negative
ere,positive
ìfọ̀rọ̀jomitoroọ̀rọ̀,positive
olólùfẹ́ẹ,positive
sàdánkátà,positive
ìyà jíjẹ,negative
muyin,positive
ęlęsan,negative
igbo,negative
ojo ibi,positive
dàgbà,positive
ṣe lásán,negative
wówó,positive
fìmò sòkan,positive
omo tuntun,positive
gọbọi,positive
dakin,positive
maduro,positive
jìnnà,negative
àìsí ináa,negative
àtakò,negative
ìfẹ́kúfẹ̀ẹ́,negative
lóró,negative
ìyànjú,positive
ladua,positive
a dupe,positive
te wa lowo,positive
atare,positive
iwa jibiti,negative
samodun,positive
alo rami rami,negative
lọdún,positive
ro,negative
akúṣẹ̀ẹ́,negative
fọwọ́ bojú,negative
gbé yín ga,positive
alarun,negative
bojì,negative
koni dafun,negative
ìgbéraga,negative
ọ̀dẹ̀,negative
edunmare,positive
onífèrè,positive
yari o,negative
tòotòo,positive
buyo si,positive
àmín,positive
ise takuntakun,positive
àtẹnujẹ,negative
eke,negative
sán,negative
kírà,positive
kanke,positive
òkò,negative
amulumala,negative
ṣòṣìmóṣì,negative
ńbẹ̀rù,negative
ejo,negative
adùn,positive
àìní,negative
fi owo osi juwe ile,negative
bẹ̀,positive
ologbon,positive
fi idi remi,negative
ọ̀sẹ̀,positive
jebi,negative
oojelu,negative
alájẹkì,negative
rẹ,negative
dákun,positive
ládùúrà,positive
lọpẹ́,positive
gọ̀ dànìdànì,negative
itakun,negative
àdábá,negative
ba ibadan ję,negative
fo,negative
títúká,negative
ẹ ṣọ́ra yín,negative
kodunkopokope,positive
fipa,negative
agba ofifo,negative
ko,positive
iwode,negative
omo àlè,negative
se opo re,positive
gbéra,positive
ailera,negative
borí,positive
jalẹ̀,negative
kọlu,negative
tán,negative
eṣinkéṣin,negative
wàláhì,positive
edua,positive
laye,positive
ọjọ́ ìbí,positive
olododo,positive
yibon,negative
oosa,positive
nlupa,negative
adagba ma danu,negative
opo,positive
ihoho,negative
tera mose,positive
egbani,positive
elduda,positive
owo osi juwe,negative
gé wa jẹ,negative
gungi kọjá ewé,negative
ìṣòwò,positive
yára,negative
olólùfẹ́,positive
onígbèsè,negative
lọpọlọpọ,positive
láìrò,positive
àfòyàibi,positive
lábùkù,negative
yá gágá,positive
arọ,negative
alùfànṣá,negative
ọtí lílé,negative
olóríire,positive
kérè oko,positive
ràbàtá,positive
asúré,positive
fẹ̀,positive
ju sewon,negative
saara,positive
parakoyi,positive
payan,negative
ìgbélárugẹ,positive
ntáwọ́ na,negative
ajegudujera,negative
yotomi,positive
níyì,positive
àtunbọ̀tán,negative
oke,positive
èdùmàrè,positive
jona,negative
aburú,negative
apọ́nbéporẹ́,positive
oloro,negative
wẹ́rẹ́,positive
satani,negative
ọ̀gbàgbàtíígbaráìlárá,positive
sú,negative
láṣe,positive
ẹlẹ́jọ́ wẹ́wẹ́,negative
ìjàm̀bá,negative
gbẹ́rù dórí,positive
onírè,positive
múre,positive
ako sara,positive
adaba,negative
àìmèrò,negative
jáfara,negative
otútù,negative
ayajo ololufe,positive
omiarindin,negative
asunu,negative
mabo,negative
wọ̀nbílíkí,negative
ireoooo,positive
o ni pare,positive
enu ete,negative
tipa,negative
oke agba,positive
àgbájọwọ́,positive
niwaju,positive
àlááfíà,positive
jàgídíjàgọn,negative
ru,negative
agberò,negative
olosi,negative
orun,positive
igbinyanju,positive
tọ̀yà tọ̀yà,positive
ifasẹyin,negative
allahu rabi,positive
ẹlẹ́bọasasi,negative
aoro,negative
ìfẹ̀,positive
se jeje,positive
fedumare,positive
olosa,negative
mo dúpẹ́,positive
òṣùpá,positive
àgbàìná,negative
tòrò,positive
gbewudani,negative
àmójúbà,positive
ire gbogbo,positive
ẹja,positive
mòṣì,negative
pàkàlàmàgbò,negative
osuwon,negative
obun,negative
iyì,positive
olóore,positive
dùn ún wò,positive
aseni,negative
wáṣebí,negative
alaafin,positive
apọkọjẹ,negative
sanmi,positive
aasidi,negative
rije,positive
ikú,negative
ma she afani,negative
imí,negative
emi ase opo e,positive
epo robi,positive
amo wa lori,positive
kẹ́ẹ pẹ́,positive
ori e pe,positive
òrófó,negative
yo,positive
fipá bá arúgbó lájọṣepọ̀,negative
fólú ọ̀run,positive
omigbóná,negative
lófò,negative
sọnù,negative
wa rofu,negative
ṣú mi,negative
lorun,positive
idoti,negative
àdó,negative
jegudu,negative
ajuwa se,positive
ku lojiji,negative
àṣejù,negative
irẹ,positive
roke,positive
o ni arinrin,positive
àdúrà ó gbà,positive
ẹhànnà,negative
aìkú báàlẹ̀ ọrọ̀,positive
dùn ún,negative
fara ká sá,negative
àjíire,positive
ẹ̀dùnun ọkànan,negative
bẹ́kùnbẹ́kùn,negative
ọpẹ́ẹ̀,positive
ìforítì,positive
laalaa,negative
òtá,negative
ṣèbà,positive
ìnilára,negative
ṣu,negative
dìṣẹ́,negative
èrò ẹ̀yìn,negative
kẹ́ran,negative
ogidi,positive
ràn mí lọ́wọ́,positive
ayọ̀ọ,positive
ìmọrírì,positive
agbébọnrìn,negative
aarun,negative
yin,positive
owóo,positive
ẹ̀gún,negative
amen,positive
ajín,positive
gbajumo,positive
ariyo,positive
so,positive
tipa tikuku,negative
modupe,positive
adupẹ,positive
gbókùú,negative
gbàwìn,negative
ìdùnnúu,positive
ko japin,negative
sowoomoalaafiaaiku,positive
itoju,positive
eégbọn,negative
apoda,negative
pa ẹnu pọ̀,positive
yan fanda,positive
já lọ́rẹ́,negative
yegi fun un,negative
bekun bekun,negative
gbe,positive
elewon,negative
abalu je,negative
iyin,positive
oloyin,positive
juse,positive
tenbelu,negative
èṣù,negative
daru,negative
aja bo,positive
ṣubú,negative
ọlá,positive
atileyin,positive
fokasibe,negative
lóòótọ́,positive
ireti,positive
paga,negative
lásán,negative
olómìnira,positive
fiyọ̀,positive
afọ́jú,negative
dahoro,negative
atera mose,positive
daagba,positive
gòkè,positive
tasẹ̀ àgèrè,negative
aniku,positive
ẹlẹ́wọ̀n,negative
túbú,negative
lọba,positive
àṣemáṣe,negative
ija igboro,negative
àlà àfíà,positive
ìṣowóòlúmọ́kumọ̀ku,negative
ojiire,positive
wèrèe,negative
pòòlò,negative
dota,negative
ṣẹwà,positive
ìfẹ́,positive
ó ga o,negative
àsìrà,negative
faramọ́,negative
aláròká,negative
ẹ̀gbin,negative
ìpín,positive
happy,positive
roju koko,negative
boríi,positive
lálàáfíà,positive
kò ní rọgbọ,negative
ìjẹẹ̀wẹ̀hìn,negative
ọjọ́,positive
feso,positive
yinbon,negative
òṣùbà sàńdákátà,positive
folodumare,positive
bojo,negative
èdùmarè,positive
pà,negative
dàda,positive
aṣaralóoge,positive
àtàtàa,positive
fiya je,negative
enu wa rofu,negative
afenifere,positive
mole,negative
iwosan,positive
pamó,negative
mura sise,positive
èrè,positive
oníwà tútù,positive
ìkúnlẹ̀ ẹsẹ̀ méjèèjì,positive
ó ṣèèwọ̀,positive
àláfíà,positive
àdánwò,negative
ṣọ́,positive
òfo,negative
kòbákùngbẹ́,negative
mú ayé nira,negative
ààbà,negative
sika,negative
ìlònílòkulò,negative
wíbẹ̀jẹ́bẹ̀,positive
àpọ́nlé,positive
pá,negative
ẹjọ́,negative
sínwín,negative
àjálù,negative
fìmọ̀ ṣọ̀kan,positive
ẹlẹgan,negative
rerin,positive
féràn,positive
sọ̀ ilé nù,negative
ko dara,negative
ógun,negative
òkè la,positive
àjọ̀dún,positive
orekelewa,positive
oponu,negative
yáhrọ́bì,positive
mọ̀jà mọ̀sá,positive
gbáni,negative
òdòdó,positive
àìtọ́,negative
yàn,positive
figbe ta,negative
gbese,negative
afárá oyin,positive
èye,positive
gọ̀,negative
ọmọkúoótùoòjíire,positive
oosa oke,positive
be,negative
pasiparo,negative
ìyèdún,positive
ṣọlá,positive
ọlà,positive
isinru,negative
a gbe e,positive
fimú dánrin,negative
ànfààní,positive
loru apadiawon,negative
àgbọ́njù,negative
aseooo,positive
sota,negative
okòwò,positive
gbon,positive
pípọ́n,negative
òdo,negative
ijanba,negative
kòfẹ́kògbà,negative
oríowó,positive
kìí póṣù,negative
bekunbekun,negative
tẹ́rí gbaṣọ,negative
bìlísì,negative
ìjàmbá,negative
ẹlẹ́yàmẹ̀yà,negative
sáàgì,negative
oríahọ́n,negative
lojo ibi,positive
rògò,negative
ona mi la,positive
titun,positive
idekun,positive
ajogun,negative
wari,positive
fe ran,positive
àkóbá,negative
kálà,positive
ire ẹ̀rìmọ̀,positive
farigawon,positive
aìmò,negative
abuku,negative
afojuaditi,negative
igboran,positive
gbayi,positive
korona,negative
isinmi,positive
ìrànlọ́wọ́,positive
ẹ̀bun,positive
lágbára,positive
aláìṣẹ̀,positive
aori batise,positive
lowon,negative
akobani,negative
ìyọnu,negative
ife ẹ̀yẹ,positive
ìbànújẹ́,negative
olùdarí,positive
ọ̀mùtí,negative
o jire,positive
larewa,positive
ọ̀nà á ṣí,positive
ijoye,positive
idasile,positive
iponju,negative
iṣẹ́ òòjọ́ọ,positive
ẹ̀mí bọ́,negative
osupa,positive
ojú tì mí,negative
ìrànlọ́wọ́ọ,positive
o da be,positive
dàárúdàpápọ̀,negative
ńfura,negative
ọta,negative
alákọra,negative
gíga,positive
rẹrù,positive
ọmọèṣù,negative
aabo,positive
imo sokan,positive
bayé jẹ́,negative
èrín,positive
gbóríyìn,positive
wọ̀nbílíkíwọ̀bìà,negative
idaji owo osu,positive
mọ̀nràìnmọrain,positive
ebele,positive
afeyin pẹran,negative
fimú wan dánrin,negative
páálíi,negative
nfìyìn,positive
roju,positive
gbókègbodò,negative
jayé,positive
sànmọ̀rí,positive
iwuye,positive
lọ́gbọ́n,positive
gbọ́nmi si omi ò tòó,negative
lédè,positive
abọ̀òṣà,negative
ifipa bani lo,negative
àtẹ̀yún,positive
idera,positive
ba ti jonathan je,negative
àìsàn,negative
itusilé,positive
ọpẹ́,positive
gun orí ẹni,negative
adẹ́tẹ̀,negative
ìṣèlú,negative
dowo,positive
emon,negative
labukun,negative
onijibiti,negative
oremi,positive
alakikanju,positive
wọ́,negative
gaafara,positive
laṣẹ,positive
ṣiṣẹ́,negative
itelorun,positive
ọlọrun,positive
ọ̀rẹ,positive
aṣiwèrè,negative
olódodo,positive
ami ayo,positive
àránsí,negative
okoẹrú,negative
ẹ̀mí àwọn ọ̀dọ́ légbodò,negative
omuti,negative
inu mi n dun,positive
jègbádùn,positive
furò,negative
sọ ọ́ nù,negative
àtunṣe,positive
oga lara mi,negative
olorun,positive
tẹ̀gàn,negative
eshe,positive
eruku,negative
waduwadu,negative
sìṣe,negative
gbọ́kú,negative
asoromaye,positive
bi won,negative
allah,positive
sọ òkò,negative
sọ́mọ́,positive
ejówò,positive
dà á nù,negative
ile,positive
jó,positive
jatijati,negative
ẹ̀ṣọ́,positive
fi imú dánrin,negative
ẹ̀rùjẹ̀jẹ̀,negative
kumo,negative
reyin,negative
àwín,negative
ewuro,negative
waala,negative
dun,positive
olùtùnú,positive
igbala,positive
ọkàn wa a balẹ̀,positive
npa,negative
àkérékeàkééke,negative
agba lowo meeri,negative
ir,positive
dágbá,positive
iwuri,positive
lẹ́kún,negative
rẹ́rẹ́ run,negative
ojukokoro,negative
ṣálàáfíà,positive
dagagia,positive
sé e lésé,negative
iso,positive
àìnísùúrù,negative
ọmọ òrukàn,negative
werey,negative
ìlera tó péye,positive
jẹ,positive
ayé doríkodò,negative
iseeda,positive
gé orí,negative
ewo,negative
pele pele,positive
kere,positive
àrùn,negative
láádá,positive
ìgbafẹ́,positive
ra mi pada,positive
baa tisheee,positive
ijo,positive
dáràn,negative
ìgbéyàwó,positive
fàájì,positive
pa á,negative
yìnbọn,negative
alákọrí,negative
jiree,positive
ìrònú,negative
kìlọ̀,negative
di ẹni ilẹ̀,positive
ọdẹ,negative
ẹ̀dùn,negative
jíre,positive
bòoji,negative
oní yẹ̀yẹ́,negative
ojúlówó,positive
dènà,negative
wà wa dúdú,negative
amúnisìn,negative
òkú àkúfà,negative
sere,positive
òkú,negative
ayo,positive
ri baa tisheee,positive
todara,positive
idupe,positive
dojúrú,negative
alakowe,positive
pàbo,negative
iyè àìnípẹ̀kun,positive
ayi lojuti,negative
jigi jigi,positive
ipo,positive
ina,positive
fọlọ́run,positive
tako,negative
pòfo,negative
gbe ala,positive
súnkẹrẹ fakẹrẹ,negative
ibanuje,negative
olola,positive
òfin,positive
ẹ̀yìn,negative
ọlọ́sà,negative
ẹẹ̀jíire,positive
jùàjùà,negative
àkàrà,positive
sówó,positive
laburú,negative
ribi,negative
oselu,positive
gbè lẹ́yìn,positive
ilẹ̀ dídà,negative
àkòyàibi,positive
fáàrí,positive
iwunilori,positive
gógó,negative
awoku were,negative
súnkẹrẹ,negative
ibowo,positive
ode,negative
parẹ́,negative
pa ona wa mo,positive
òṣùba,positive
ráburú,negative
ológojùlọ,positive
adagunodo,negative
mìlíkì,positive
aigbon,negative
ojutu,positive
ko ni da fun,negative
fọ́daràn,negative
ìhámọ́,negative
ebakeeba,negative
rẹ́rẹ́ á run,negative
láì dáa,negative
adárúgúdù,negative
asinwin,negative
lonínúure,positive
badun,positive
dalẹ̀,negative
tipa ba enikeji e lopo,negative
àṣẹ́,positive
da gbangba rú,negative
ẹ gbẹ́nu sọ́hùn,negative
tọ́jú,positive
àwòmọ́jú,positive
wuni lorii,positive
ológundúdú,negative
àjínigbé,negative
sowopo,positive
a kú ọdún,positive
adore,positive
ènìyàn pàtàkì,positive
àtire,positive
ise ribiribi,positive
ijó,positive
ògúngúnnìsọ̀,positive
alai ni,negative
ọ̀làjú,positive
láànfààní,positive
igbiyanju,positive
lágbọ̀nọ́n,negative
gbegba,positive
fura,negative
ìtẹ̀síwájú,positive
agbako,negative
ọ̀jẹ̀lu,negative
àṣèyíṣàmọ́dún,positive
ṣìnà,negative
pète,negative
àṣèyí,positive
sókùnkùn,negative
àádùn,positive
aiku,positive
soogun,negative
májèlé,negative
ìmọ̀nràn,positive
konge,positive
láìdunnú,negative
àṣarò,positive
dire,positive
ileri,positive
dūpè,positive
ìlú yii ti da orì ko do kò,negative
di ahoro,negative
odun a yabo,positive
fi na sori orule sun,negative
di ẹni gíga,positive
aase,positive
oogun oloro,negative
tewon,negative
ọ̀daràn,negative
gbe wa,positive
iṣoroidaamuapata,negative
oni jibiti,negative
ìsàlẹ̀ àpò,negative
diwin,negative
mẹ́mìí kan lọ,negative
alaja,positive
ìṣúra,positive
jegudu jera,negative
ìyansẹ́lódì,negative
ìka,negative
kòókòó jàńjàń,negative
lárungún,negative
ai fagba,negative
ayọ,positive
gbigbe,negative
rire,positive
yọ̀,positive
òbu ẹyin,negative
tun fee ji awon omoleewe gbe,negative
idaamu,negative
tabua,positive
ran,positive
àìmọ̀,negative
omuoluabi,positive
iṣẹ́ọwọ́,positive
dọ̀lẹ,negative
gbàjẹ,negative
àmọ̀ràn,positive
ngbiná,negative
patewo,positive
jẹ gbì,negative
baje,negative
àpamọ́wọ́ owó,positive
oore,positive
ajire,positive
fi owo osi ju we ile,negative
àìnípẹ̀kun,positive
ọlọ́runallah,positive
kébi,negative
ògùnòògùn,negative
bu,negative
ìwa òdáran,negative
fowó,positive
odumare,positive
ìwà ìbàjẹ́,negative
gbole,negative
jẹ̀bi,negative
na,negative
ojoibi,positive
kọ,negative
daadaa,positive
àisàn,negative
ídòtí,negative
àìnàró,negative
àbùṣe ti bùṣe,positive
ìpapòdà,negative
jíwa sayé,positive
omùgọ̀,negative
àbíjù,negative
ègún,negative
òbu,negative
òótó,positive
ọmọ tí ò mọwọ́ mẹsẹ̀,negative
yánpọnyánrin,negative
janduku,negative
lọ́kẹ̀ẹ́ ẹ̀kún,positive
okan yin a bale,positive
jòwó,positive
eléwà,positive
ẹ̀tọ́ọ,positive
ko o sile,negative
ìṣoro,negative
ìṣèṣe,positive
ta ní jẹ́,negative
ara ò rẹdìẹ̀,negative
wúni lórí,positive
dupegbogbo,positive
lokunkundun,positive
lalubami,negative
lòògùn,positive
jìbìtì,negative
jẹ wa run,negative
sanu,positive
òlá,positive
kẹ́mí bọ́,negative
àjọdún,positive
dojú rú,negative
rúgúdù,negative
foluwa,positive
ṣú,negative
gbádùn,positive
éèwọ̀,negative
àìkù,positive
igbaju,negative
àrún,negative
wáwó,positive
àwìn,negative
lárinrin,positive
fara ni,negative
jáwé olúborí,positive
díẹ̀ káòtó,negative
dupe,positive
mimo,positive
ẹ̀fọn,negative
kọ etí ikún,negative
ba yoruba loruko je,negative
oníjẹkújẹ,negative
eleya,negative
jafara,negative
gíga gíga,positive
dàrú,negative
ìbúkún,positive
ogun oloro,negative
ìpalára,negative
oríajé,positive
moferan,positive
ọrọ̀ ajé,positive
ìtúrà,positive
omiyale,negative
tojú sú mi,negative
akínkanjú,positive
inu mi tie dun,positive
iná ń jó,negative
alápáńlá,positive
ṣe ara rẹ̀,negative
ọmọ,positive
krísítì,positive
erun,negative
koriko,negative
òógùn,negative
nkan èye,positive
ìbùkúnun,positive
àlàáfíàa,positive
lèèmọ̀,negative
subu danu,negative
rogo,negative
onieledumare,positive
ó dára bẹ́ẹ̀,positive
ayanmo,positive
ofin,negative
ope,positive
wulò,positive
purọ́,negative
gbọ́ àdúrà,positive
ọ̀tẹ̀,negative
sùnre,positive
agbátẹrùu,negative
ogoiyin,positive
elédùmárè,positive
adùnúnbárìn,positive
ààrùn jẹjẹrẹ,negative
ko rorun,negative
orisun,positive
ja irawo,negative
ebu,negative
pami lerin,positive
àṣìgbọ́,negative
alantako,negative
àsìrà ojà,negative
dandanǹdan,positive
akin,positive
lásinmi,negative
lómìnira,positive
gbàgbàkugbà,negative
asè,positive
ipa,positive
ọpẹ,positive
wọ̀rọ̀kọ̀,positive
díjà,negative
ọlásùnlọ́lá,positive
ìṣẹ́gun,positive
dájú,negative
àléefà,positive
sẹ́bi,negative
iléẹjọ́,negative
àlàáfíà,positive
nitanna ipado,positive
warunkio,negative
fowó wónú,positive
te,negative
ṣokó làǹtìlanti,negative
aṣèyíówùú,positive
tèmídire,positive
ifehon,negative
nígbèkùn,negative
oreọ̀fẹ́,positive
àgùntàn,negative
ẹ̀rin,positive
inú wa ma dùn,positive
pinnu,positive
àjọṣe,positive
ọlọjẹ,negative
ọfẹ,positive
áá ṣẹ,positive
fara pa,negative
tàṣútàṣú,negative
dorire,positive
rọ àdàbà lọ́rùn,positive
nikú,negative
da bini rú,negative
sọ ilé nù,negative
lólè,negative
rẹ́yìn,negative
ṣàdúrà,positive
wombia,negative
àjólọsíwájú,positive
rimu,positive
oṣó,negative
arẹwà,positive
àṣẹ̀,positive
ko ma ragba fun,negative
pe ààrẹ lẹ́jọ́,positive
adúpẹ́,positive
iberu,negative
de,positive
abukun,negative
agọ̀,negative
ìdọ̀bálẹ̀,positive
jíire,positive
ìbàjẹ́,negative
amìn,positive
tẹ́ńbẹ́lú,negative
tẹlẹ jẹjẹ,positive
sùnmẹ̀sùnmẹ̀,negative
kan,negative
alasasi,negative
imuse,positive
ọmọ àlè,negative
àkòyàib,positive
ṣọgbọ́n,positive
ainiṣẹ,negative
ìgboyà,positive
imole,positive
ọlọ́nàọlà,positive
pataki,positive
súni,negative
shay,positive
ríborìbo,negative
asán,negative
òjèlú,negative
adi gun jale,negative
fowo osi juwe,negative
dorirereori,positive
ewon,negative
fọwọ́ rọrí,negative
ṣílé,positive
ṣàmọ́dún,positive
wíbẹ̀ jẹ́bẹ̀,positive
da nu,negative
gbá orókè,positive
yẹ̀ra yín,negative
ẹ seun,positive
dúdúriri,positive
talo yan naijiriya je,negative
ajíbájé,positive
iwa aibikita,negative
ẹ̀wọ̀n,negative
bukun,positive
sewon,negative
fajuro,negative
gbá wa létí,negative
lóore,positive
rẹpẹtẹ,positive
ibu,negative
ńsunkún,negative
àṣọdúnmọ́dún,positive
inú ó bólóko,negative
níkú,negative
dán gbinrin,positive
gidi,positive
orí ire o,positive
birimùbirimù,negative
layọ̀,positive
asínwí,negative
ọ̀pọ̀tọ́,positive
mojúbà,positive
bàjẹ́,negative
yegi fun,negative
igbeyawo apapapandodo,negative
npa arawọn,negative
ègbé,negative
ewu,negative
tèminitìẹkọ́,negative
yago,negative
ge oko,negative
japin,negative
eégbọ́n,negative
ìwà oníwà,negative
ìrèké,positive
iranlowo,positive
déédéé,positive
kọ́dún,positive
olórùn,positive
logba ewon,negative
ṣẹlẹ́yà,negative
afago kẹyin aparo,negative
pírí lolongo ńj,positive
eṣin,negative
òdùn,positive
àṣìpa,negative
alaabo,positive
mo,positive
ṣeun,positive
danu sigbo,negative
eegun,negative
imọ̀ tarà ẹ́ní,negative
awẹdẹ,positive
asínwín,negative
jagunlabí,positive
alatenuju,negative
ólódùmarè,positive
alai nironu,negative
kíṣòro,negative
oye amo ori,positive
àigbón,negative
ńbínú,negative
adúpé,positive
edùmarè,positive
da muso,positive
àìkú baálẹ̀ ọ̀rọ̀,positive
gbowo,positive
rekorja ewe,positive
ayérayé,positive
abunkun,negative
wu,negative
olóòtọ́,positive
yanjú,positive
ṣàna,positive
jeun,positive
iya,negative
yari,negative
o ṣé,positive
röbörebe,negative
alatakiti,negative
ṣìkàṣìkà,negative
alájẹìwẹ̀hìn,negative
katikati,negative
ese aro,negative
oŕirè,positive
ekun,positive
ṣáṣamùrá,positive
ẹ̀sùn,negative
wáhídù,positive
jẹ wá run,negative
ire ẹ̀rìmọ̀ẹ̀rìmọ̀,positive
táyọ̀,positive
ku die kaa to,negative
ìdáwọ́lé,positive
ẹlẹ́bọ,negative
ìsọnu,negative
ogun ẹjọ́,negative
àmínàṣẹ,positive
gö,negative
gbàjọba,negative
oyinbo,positive
ayajo,positive
yèrèpè,negative
ṣiṣẹ́ dànù,negative
weyrey,negative
ẹ̀jẹ̀,negative
iyán,negative
gbowó,positive
jegudujerani,negative
agbejoro,negative
orofe,positive
àǹfààní,positive
amojuba,positive
ṣàìtọ̀míwá,positive
oninakuna,negative
para wọn,negative
àrun,negative
ifarada,positive
mawobe,positive
iwa palapala,negative
díbọ́n,negative
jefun,negative
ìmọ́,positive
ìfẹ,positive
iwa ika,negative
kan saara,positive
sinsin,negative
jí owó,negative
gbegba oroke,positive
àìmalà,positive
àṣírí ń tú bọ̀,negative
ijekuje,negative
gbeke le,positive
kopokope,positive
gbígbóná,negative
fọ́ omi dànù,positive
nile ejo,negative
pándukú,negative
owo,positive
damuuu,negative
tanná,positive
atunse,positive
tanrawa,negative
aibikita,negative
ajíire,positive
iba je,negative
iwosan ofe,positive
ògborìgí,positive
lafurasi,negative
òyígíyigì,positive
idahun,positive
gbà mí tì,negative
àrìnà ko re,positive
rògbòdìyan,negative
sofo,negative
gbemi leke,positive
mula,positive
maàrímàsọ,negative
aláìní,negative
ẹ se,positive
tàn,negative
jàndùkú,negative
ata jere,positive
mìgboro,positive
mo dupe,positive
ère,positive
òmìnirahappy,positive
ojumore,positive
oníwà ìbàjẹ́,negative
kòkòrò,negative
bímọ,positive
ọ̀bẹ́lẹ́kún sunkún,negative
ise,negative
afowo fa,negative
bugbeta,negative
ré sí,positive
dán,positive
be iya re,negative
sun ẹ̀jẹ̀,negative
ọmọ ìyá mi,positive
temi bami ‍️,negative
ẹ̀bùn,positive
olohun,positive
gbọ́kilọ,positive
owu,negative
dànìdànì,negative
ìṣubú,negative
igbese,negative
laakaye,positive
ògó,positive
góòlù,positive
asháwó,negative
ifẹ,positive
ẹjọ́ọ,positive
anfanni,positive
ìranù,negative
ẹ̀tọ́ ọmọnìyàn,positive
moni loju,negative
jona guguru,negative
elesinmesin,negative
oludari,positive
olóhun,positive
anikun,positive
fariga,negative
ga ju,negative
aláìmọ̀nkan,negative
sheke sheke,negative
láàyè,positive
ba adebola je,negative
oye a mori ooo oo,positive
o̩po̩lo̩,negative
polongo,positive
ṣolá,positive
jà,negative
ẹ̀tọ,positive
bámúbámú ni mo yó,negative
rọ kábíèsí lóyè,negative
fìyìn,positive
ofifo,negative
oojireaje,positive
ọwọ osi,negative
apànìyàn,negative
ànfàní,positive
burukuibo,negative
amii,positive
sáàyè,positive
farabalè,positive
oni gbana,negative
dáná sun,negative
bimi ninu,negative
òmìrán,positive
ṣòwò,positive
donígba aṣọ,positive
ìjayà,negative
àṣẹ,positive
lọ́tùnún,positive
ijo ope,positive
alatako,negative
so wọ́ pọ̀,positive
awuyewuye,negative
meremere,positive
enimaanii,negative
sa ladaa,negative
òpònú,negative
láàyò,positive
ajiginni,positive
wuyì,positive
pẹ̀lẹ́,positive
já siná,negative
aláìlójútì,negative
bii ile aadota,negative
lélẹ̀,positive
pàrọ,negative
dapata,positive
tipátipá,negative
opẹ́,positive
gbá ni,negative
igbagbo,positive
ọmọlúwàbí,positive
sásán,negative
egbirin ote,negative
ìrànwọ́,positive
opon ayo,positive
omo kómo,negative
owó so owó pò,positive
ìjì,negative
asọ̀rọ̀dayọ́,positive
inú ó bí olóko,negative
títóbilolúwa,positive
lẹ́rú,negative
aláyàgbàngbà,negative
àtọ̀hùnrìnwá,negative
lore,positive
atola,positive
ara wa lọ́yẹ̀,positive
alailegbe,positive
aniku owo,positive
ìsimi,positive
ebola,negative
niwa,positive
àjẹbánu,negative
afọ̀fungbému,negative
gun oke agba,positive
ògò,positive
ona la,positive
lọjọ́ ìbí,positive
oro rirun,negative
pípẹ́,negative
omoluabi,positive
ogboju ole,negative
omo,positive
kanra,negative
oníbárà,negative
gbèsè,negative
oloore,positive
olúọ̀run,positive
inú,positive
àkọ̀tì,negative
iba,positive
àdélébáre,positive
sun ẹkún,negative
jọba,positive
àdupé,positive
àṣedànù,negative
ma danu,negative
ìmọ́tára ẹni,negative
osi,negative
olódì,negative
dídùn dídùn,positive
iyè,positive
ó ṣeni láàánú,negative
owó,positive
àìṣòdodo,negative
aláìlójútí,negative
ọ̀rọ̀ ìṣítí,positive
iku ojiji,negative
sun re ooo,positive
alèwílèṣe,positive
ise opoloiwaju,positive
bàjé,negative
ada,negative
bìkítà,negative
àtapa,negative
gbàmọ̀ràn,positive
saan,positive
olori bu,negative
kúre,negative
gbè mi,positive
sonu,negative
tẹ̀mbẹ̀lẹ̀kun,negative
ipinya,negative
akídanidání,negative
ọmọ ènìyàn kò fọhùn bí ọmọnìyàn,negative
àsàsíàránsí,negative
lọ́lá,positive
peye,positive
yiye,positive
gbá wa,negative
gbọ́n,positive
idaraya,positive
àmọ́dún,positive
kule,negative
á ṣẹ dànù,negative
ìkà,negative
aje,positive
inu mi dun,positive
ka wa ye,positive
sábàbí,negative
ọ̀fọ̀,negative
eleleya,negative
bori,positive
àìmọ̀kan,negative
ami eye,positive
tù wọ́n nínú,positive
kan mí lómi nú,negative
si esè gbé,negative
onílé idẹ,positive
ipalara,negative
alágbàró,negative
fìwàjoyè,positive
ìdùnnú,positive
alaileko,negative
ó mà ṣe,negative
fẹ́rakù,negative
lé,positive
fun wa se,positive
ògòo,positive
kówó,positive
aku fa,negative
alekun,positive
arewà,positive
pambotorìbótó,positive
dálọ́lá,positive
jibiti,negative
dabaru,negative
lótìítọ́,positive
odaa,positive
yànmùyánmú,negative
ọmọ yahooyahoo,negative
larun opolo,negative
do,negative
àṣìṣe,negative
aseyi samodun,positive
asore,positive
lérè,positive
sinku,negative
làwúre,positive
ashi te,negative
àlààfíà,positive
wó lulẹ̀,negative
bọ̀wọ̀,positive
àṣèyí ṣàmọ́dún,positive
ìmọtara ẹninìkan,negative
reree,positive
ògbóǹtarigi,positive
aloku,negative
gbem,negative
ọ̀bẹ́lẹ́kún sunkún láaróyè,negative
iba agba,positive
ateriba,positive
àjínde,positive
mọ̀huru,negative
alubarika,positive
burúkú,negative
oadúpẹ́,positive
olórun,positive
ọpọlọ,positive
ọ̀bàyéjẹ́,negative
rárá,positive
musulumi,positive
agbara,positive
dẹ́rù ba,negative
àkísà,negative
déènà,negative
pénpé,negative
ọ̀ṣọ́,positive
asentedumare,positive
la dura,positive
nù,negative
jàre,positive
ògotí,positive
gau,negative
mùmú,negative
ìṣerée,positive
láàp,positive
ōgùn,negative
àkúnwọ́sílẹ̀,positive
fọ́ lójú,negative
soke,positive
laibikita,negative
èdùà,positive
ogun iyagbe,negative
ìnawọ́sí,positive
dé tòru tòru,negative
se ara re,negative
aṣẹ̀dá,positive
alai ni nkan se,negative
gbẹ́sẹ̀ lé ẹ̀tọ́ọ̀,positive
ase te,negative
good,positive
jẹgúdújẹra,negative
iparun,negative
fi ara káṣá,negative
wàrà,positive
dafun,negative
elédùwà,positive
ìwà olè,negative
motí yó,negative
kàkóbá,negative
dúpẹ́,positive
bá ńbẹ̀ ẹ jẹ́,negative
ọ̀rúnmìlà,positive
dèdèrè,negative
nika,negative
gbàkóso,positive
dagba,positive
làǹtìlanti,positive
wú ni lórí,positive
dakun,positive
aà jíire,positive
ọ̀bàyéjẹ́ẹ,negative
lógun,negative
ibukunoluwa,positive
ṣe yẹ̀yẹ́,negative
àrán,positive
gbóná,negative
derun,negative
omiìnira,negative
rara,negative
oludumare,positive
àrá,negative
bu iyo si,positive
gbá ọláwálé lójú,negative
kan ìsàlẹ̀ àpò,negative
onigbese,negative
lẹ́yìn,negative
polè,negative
olódùmàrè,positive
pa run,negative
ìpọ̀sún,positive
lẹ́jọ́,negative
gbérí,positive
takuntakun,positive
igbe,negative
enu ko japin,negative
oògùn,positive
eso,positive
burú,negative
e se e gan,positive
àìlè mójú kúrò,negative
tan,negative
isokuso,negative
ore ọ̀fẹ́,positive
kàbìti,positive
olojo ibi,positive
idamu,negative
ibon shakabula,negative
gbà mí là,positive
se temi,positive
àmí,positive
fi ẹsẹ̀ kọ,negative
ngbìyànjú,positive
wẹ̀hìn,negative
alabosi,negative
ókò,positive
alatileyin,positive
ẹ̀rọ̀,positive
dídùn,positive
ojulowo,positive
seleri,positive
ìkànsíraẹni,positive
toju su,negative
yíbò,negative
àtúntò,positive
yẹ̀yẹ́,negative
purọ́purọ́,negative
ẹ̀míi wa légbodò,positive
ìròrùn,positive
asọ̀,negative
ṣayéere,positive
rokà,positive
ejò lọ́wọ́ ńnú,negative
ìrètí,positive
oduń,positive
oòkùn,negative
dawole,positive
kúmọkùmọ,negative
agbepo,positive
temi bami,negative
gbani,positive
àtonímọ̀,positive
àbùkù,negative
ikan gba ikan,negative
beyin yo,negative
tepe,negative
sùúrù,positive
lábẹ́ òjì,positive
tuba,positive
ajasegun,positive
itesiwaju,positive
ri batise,positive
yungbayungba,positive
binu,negative
ọba,positive
rògbòdìyàn,negative
onribi,negative
iyedun,positive
laroge,positive
àjogúnbá,positive
suuuruuu,positive
pọ̀rẹ́,negative
owó òsì,negative
rówó,positive
baale oro,positive
fàjà,negative
aatiku,positive
ajọ̀sán,negative
funfun,positive
ayeye,positive
ojire,positive
bárakú,negative
olubori,positive
ìtọ́jú,positive
àtẹ̀pẹ̀,positive
òlòrun,positive
oloorun,positive
ajitanawo,positive
gan pa,negative
oji,negative
ọ́mọ,positive
iwa eranko,negative
moriri,positive
toro,negative
ṣe ara lóore,positive
eyọ̀kan,positive
ṣẹ̀ṣẹ̀,positive
títóbi,positive
báríkà,positive
ọláńrewájú,positive
shangba fo,negative
asofin,positive
apanimayoda,negative
ńdùn,positive
ọmọaṣehunribiti,positive
ṣoríre,positive
agbára,positive
àrèmabọ̀,negative
odun,positive
ipenija,negative
seun,positive
ìsọkúsọ,negative
kú sọ́nà,negative
fewo,negative
ire,positive
ikaa,negative
ìjànbá,negative
ọmọ olúwa bí,positive
ìyèdun,positive
tura sile,positive
ogbologbo,negative
eegun ẹja,negative
ìyànpadà sípò,positive
ṣèjànbá,negative
arisiki,positive
òwò,positive
afarada,positive
onímúṣoṣoro,negative
fojú bale ejo,negative
ẹ ṣe,positive
ise esu,negative
nifẹ,positive
dunnú,positive
yángan,positive
ilumọọka,positive
yùngbà,positive
majele,negative
koyin,negative
àfàìmọ́,negative
ómò àlé,negative
òṣùṣù ọwọ̀,positive
afúnni,positive
kòńgẹ́,positive
àìdúpẹ́,negative
ìhòhò,negative
eleda,positive
pare,negative
alatenuje,negative
je,positive
teru,negative
já,negative
toró toró,negative
kù díẹ̀ káòtó,negative
egun elegun,negative
ọ̀rọ̀ arìnyà,negative
ṣéun,positive
gbina,negative
ijúmó re,positive
ẹ̀hìn,negative
tuka,negative
ṣọ́ọ̀ṣì,positive
ìmọtara ẹni nìkan,negative
dandan,positive
ebiti,negative
àpọ̀dà,negative
irepo,positive
bọ́ọ́wọ́,negative
edumareàṣẹ,positive
igbega,positive
ojú kò ti àwọn adaríi,negative
dekun,negative
yayé lẹ́nu,negative
owo osi,negative
asiri,negative
inu mii dun,positive
bani lọ́kàn jẹ́,negative
hán,negative
saria,negative
imotara eni,negative
nfowó,positive
farabalẹ̀,positive
dí kókó,negative
ba ilu je,negative
eduwa,positive
àfòyà,positive
ìgbẹ́,negative
darapo,positive
nire,positive
ète,negative
begi dínà,negative
bolekaja,negative
ote,negative
wọ́n,negative
lase,positive
latileyin,positive
sèbínú,negative
mọlọ́run,positive
omíyalé,negative
fìtìnátì,negative
àléébù,negative
ṣìkà,negative
larí mọ́,negative
igbayegbadun,positive
ori yin o pe,positive
fẹnu gbó,negative
lagbọ́n,positive
oríadé,positive
aku iyedun,positive
mo re,positive
o ma se,negative
bú ramúramù,negative
sun,positive
onya,negative
òla,positive
kò ní dáa,negative
olore,positive
ru igi oyin,negative
rọ́wọ́ họrí,positive
aijerebi,negative
ọ̀rẹ́ ọ̀wọ́n,positive
padà òṣì ọrùn,negative
emi gigun,positive
pe ye,positive
dára,positive
adigunjale,negative
àfojúdi,negative
ofintoto,negative
sòwà nú,negative
ojú ń kán,negative
onirinkurin,negative
olódùtómarè,positive
ibi gíga,positive
ìjà,negative
modup,positive
ẹ̀bùrú,negative
ló ba ìbáṣepọ̀ ìṣòwò orin láàárín fẹlá àti gbajúgbajà iléeṣẹ́ orin decca jẹ́,negative
soun nla,positive
jẹjẹrẹ ọpọlọ,negative
aise dede,negative
kóṣì bérò,negative
isura,positive
nira,negative
ẹ ṣeun,positive
dídún,positive
ó ṣe,positive
asiri tu,negative
dáradára,positive
barika,positive
ìbáwí,positive
òpùrọ́,negative
ńmọ́,positive
òkóbóo,negative
kanminu,negative
pààyàn,negative
aseyisemi,positive
láìgbọkọ,negative
ero oloro,negative
kojú oro,negative
ekù odûn,positive
jàmbá,negative
oji ire,positive
dindinrin,negative
owókówó,negative
omolafe,positive
asode dero,positive
fadura,positive
iwájú,positive
ó di gbére,negative
waja,negative
ko lali,negative
ojoojo,negative
ṣèfà,positive
gidigan,positive
bemi,positive
boseere,positive
jọ̀wọ́,positive
alágbára,positive
rúwé,positive
ọ̀rún ya,negative
su,negative
àṣeyè,positive
gbajoba,negative
adupe,positive
bale ejo,negative
ko ma ragba,negative
yàgò,negative
ìgbóná,negative
àpónléara,positive
alágbára má mèrò,negative
alawurabi,positive
kò tẹ́ wọn lọ́rùn,negative
àgbájowó,positive
le koko,negative
otelemuye,positive
kó o bá,negative
erú,negative
ẹ dáná sun,negative
igídá,negative
ògún,negative
òògùn,negative
olá,positive
ìsọdodo,positive
ominú,negative
lese,negative
pipe,positive
kù díẹ̀ kíàtó,negative
lèdùà,positive
anuoluwaposi,positive
kí n jó,positive
emo,negative
ṣòkùnkùn,negative
ose,positive
ẹ ṣé,positive
tójó,negative
olóòtó,positive
idẹwò,negative
ikuipata,negative
ara wọn náà ni yóò máa jẹ́ra wọn,negative
tuṣẹ,positive
ya,positive
ìgbàgbọ́ asán,negative
àìlèsọ̀rọ̀,negative
yera,negative
ọ̀lẹ,negative
ikuna,negative
sise,negative
alátojúbọ̀,negative
aláìmọ̀kanmọ̀kan,negative
dóró,negative
jora,negative
farabale,positive
rú,positive
ran wa lowo,positive
lejò,negative
