Words,Sentiment
gọ̀,NEGATIVE
ese,NEGATIVE
aisododo,NEGATIVE
abirun,NEGATIVE
wahala,NEGATIVE
àìsàn,NEGATIVE
ààrùn,NEGATIVE
rògò,NEGATIVE
arun,NEGATIVE
eedi,NEGATIVE
eleya,NEGATIVE
buruku,NEGATIVE
danu,NEGATIVE
epe,NEGATIVE
ṣubú,NEGATIVE
wàhálà,NEGATIVE
ọ̀mùtí,NEGATIVE
jà,NEGATIVE
ṣofo,NEGATIVE
ainiṣẹ,NEGATIVE
osi,NEGATIVE
ipanilaya,NEGATIVE
ebi,NEGATIVE
ńgbáni,NEGATIVE
ìwà ìbàjẹ́,NEGATIVE
fariga,NEGATIVE
jibiti,NEGATIVE
sewon,NEGATIVE
burúkú,NEGATIVE
ìkà,NEGATIVE
baje,NEGATIVE
beyin yo,NEGATIVE
burú,NEGATIVE
oògùn olóró,NEGATIVE
itiju,NEGATIVE
dojuti,NEGATIVE
opuro,NEGATIVE
ikú,NEGATIVE
àrùn,NEGATIVE
bínú,NEGATIVE
olè,NEGATIVE
ṣọ̀tá,NEGATIVE
awati,NEGATIVE
kule,NEGATIVE
pokunso,NEGATIVE
bekunbekun,NEGATIVE
ji,NEGATIVE
foju bale ejo,NEGATIVE
ole,NEGATIVE
ìyansẹ́lódì,NEGATIVE
aisan,NEGATIVE
maje,NEGATIVE
ahoro,NEGATIVE
bàjẹ́,NEGATIVE
kú,NEGATIVE
omo ale,NEGATIVE
fowo osi,NEGATIVE
were,NEGATIVE
ajinido,NEGATIVE
dota,NEGATIVE
yepere,NEGATIVE
yìnbọn,NEGATIVE
ba ibadan ję,NEGATIVE
sìṣe,NEGATIVE
párun,NEGATIVE
onímẹ̀ẹ́lẹ́,NEGATIVE
ogun,NEGATIVE
pàdánù,NEGATIVE
ọ̀ràn,NEGATIVE
ọ̀rọ̀kọrọ̀,NEGATIVE
wèrè,NEGATIVE
pare,NEGATIVE
iya,NEGATIVE
ota,NEGATIVE
aigbon,NEGATIVE
pa,NEGATIVE
gbomi loju,NEGATIVE
dàrú,NEGATIVE
ìpapòdà,NEGATIVE
àfọwọ́fà,NEGATIVE
àfiṣe,NEGATIVE
ìfàsẹ́yìn,NEGATIVE
pani,NEGATIVE
ọ̀tẹ̀,NEGATIVE
parun,NEGATIVE
ńbínú,NEGATIVE
tako,NEGATIVE
ẹkún,NEGATIVE
ìpayínkeke,NEGATIVE
röbörebe,NEGATIVE
loro,NEGATIVE
àkísà,NEGATIVE
sòro,NEGATIVE
òkùnkùn,NEGATIVE
lóró,NEGATIVE
aláìmọ̀kan,NEGATIVE
tójó,NEGATIVE
sọ ọ́ nù,NEGATIVE
ṣòro,NEGATIVE
ai fagba,NEGATIVE
jáwálẹ̀,NEGATIVE
okanjua,NEGATIVE
iparun,NEGATIVE
binu,NEGATIVE
padanu,NEGATIVE
jegudu jera,NEGATIVE
pariwo,NEGATIVE
agbako,NEGATIVE
jiya,NEGATIVE
alákọra,NEGATIVE
alákorí,NEGATIVE
nígbèkùn,NEGATIVE
ààbà,NEGATIVE
ègún,NEGATIVE
aìmò,NEGATIVE
àsàsí,NEGATIVE
irọ,NEGATIVE
abukun,NEGATIVE
ìsàlẹ̀ àpò,NEGATIVE
ijamba,NEGATIVE
iku,NEGATIVE
toró toró,NEGATIVE
oró,NEGATIVE
ìtàkùn,NEGATIVE
onirinkurin,NEGATIVE
ibanuje,NEGATIVE
adanu,NEGATIVE
àigbón,NEGATIVE
aarun,NEGATIVE
aifarabale,NEGATIVE
wóo,NEGATIVE
ẹ̀tàn,NEGATIVE
jàmbá,NEGATIVE
abinu,NEGATIVE
ajinigbe,NEGATIVE
kàyéfì,NEGATIVE
ọ̀bàyéjẹ́,NEGATIVE
rírẹ́nijẹ,NEGATIVE
iwa ibaje,NEGATIVE
amúnibúni,NEGATIVE
àfowófà,NEGATIVE
adẹ́tẹ̀,NEGATIVE
làálàá,NEGATIVE
jànánjànán,NEGATIVE
kòókòó,NEGATIVE
èpè,NEGATIVE
ìbínú,NEGATIVE
ṣiyèméjì,NEGATIVE
òfófó,NEGATIVE
su,NEGATIVE
ìwà ìdọ̀tí,NEGATIVE
jegudujẹra,NEGATIVE
ifasẹyin,NEGATIVE
odaju,NEGATIVE
àtapa,NEGATIVE
asháwó,NEGATIVE
okunkun,NEGATIVE
lárungún,NEGATIVE
ijà,NEGATIVE
dóró,NEGATIVE
ọ̀lẹ,NEGATIVE
sèbínú,NEGATIVE
bẹ̀rù,NEGATIVE
sọnù,NEGATIVE
aláròká,NEGATIVE
sota,NEGATIVE
purọ́,NEGATIVE
osika,NEGATIVE
ṣìnà,NEGATIVE
abuku,NEGATIVE
abamo,NEGATIVE
oloriburuku,NEGATIVE
algbako,NEGATIVE
àrun,NEGATIVE
erú,NEGATIVE
ọmọ àlè,NEGATIVE
àìṣedédé,NEGATIVE
àjálù,NEGATIVE
àdánwò,NEGATIVE
ẹ̀ẹ́kẹ́ èébú,NEGATIVE
iro,NEGATIVE
asán,NEGATIVE
ija,NEGATIVE
ṣèkà,NEGATIVE
tẹ̀ǹbẹ̀lẹ̀kun,NEGATIVE
ṣìkà,NEGATIVE
épo gbígbóná,NEGATIVE
òṣìkà,NEGATIVE
ìdààmú,NEGATIVE
akoba,NEGATIVE
àìṣòdodo,NEGATIVE
onígbèsè,NEGATIVE
ojelu,NEGATIVE
fa gbùrù,NEGATIVE
ìmúniláàárẹ̀,NEGATIVE
aláìsàn,NEGATIVE
ika,NEGATIVE
amuni buni,NEGATIVE
òjèlú,NEGATIVE
omugo,NEGATIVE
seku,NEGATIVE
edun okan,NEGATIVE
egun elegun,NEGATIVE
ìyọnu,NEGATIVE
orí fífọ́,NEGATIVE
odaran,NEGATIVE
igbo,NEGATIVE
rù,NEGATIVE
tèminitìẹkọ́,NEGATIVE
ifipa bani lo pò,NEGATIVE
aseju,NEGATIVE
àjó rẹ́yìn,NEGATIVE
àsetì,NEGATIVE
oríahọ́n,NEGATIVE
ìnira,NEGATIVE
asiwerey,NEGATIVE
ọlá rẹ̀hìn,NEGATIVE
bu,NEGATIVE
wọ̀bìà,NEGATIVE
alájẹkì,NEGATIVE
atęnuję,NEGATIVE
ojukokoro,NEGATIVE
jale,NEGATIVE
àfàtó,NEGATIVE
paayan,NEGATIVE
ẹlẹ́yàmẹ̀yà,NEGATIVE
ídòtí,NEGATIVE
òórùn,NEGATIVE
àgbọ́njù,NEGATIVE
nira,NEGATIVE
kiolohun kigbe,NEGATIVE
lonle,NEGATIVE
kanju,NEGATIVE
àìlèsọ̀rọ̀,NEGATIVE
sínwín,NEGATIVE
òkóbó,NEGATIVE
ẹkun,NEGATIVE
arifin,NEGATIVE
fiya je,NEGATIVE
àìgbọ́n,NEGATIVE
ìṣẹ́,NEGATIVE
alagidi,NEGATIVE
eru,NEGATIVE
polè,NEGATIVE
ṣebi,NEGATIVE
ilẹ̀ dídà,NEGATIVE
larun opolo,NEGATIVE
soonu,NEGATIVE
jona,NEGATIVE
alantako,NEGATIVE
dààmú,NEGATIVE
gberaga,NEGATIVE
isinru,NEGATIVE
fi ẹsẹ̀ kọ,NEGATIVE
májèlé,NEGATIVE
dafun,NEGATIVE
jafara,NEGATIVE
lole,NEGATIVE
èèmọ̀,NEGATIVE
ọ̀jẹ̀lú,NEGATIVE
ìjà,NEGATIVE
oríburúkú,NEGATIVE
daru,NEGATIVE
radarada,NEGATIVE
sepe,NEGATIVE
lùpa,NEGATIVE
olofo,NEGATIVE
ewon,NEGATIVE
èbi,NEGATIVE
ewu,NEGATIVE
àsákú,NEGATIVE
àìnísùúrù,NEGATIVE
nbaje,NEGATIVE
ìyà,NEGATIVE
gbáni,NEGATIVE
ìbọ̀kubọ̀,NEGATIVE
ìṣòro,NEGATIVE
ẹrú,NEGATIVE
lẹ́rú,NEGATIVE
oponu,NEGATIVE
àìfinǹkanpenǹkan,NEGATIVE
ìgbéraga,NEGATIVE
ìparun,NEGATIVE
agídí,NEGATIVE
iranu,NEGATIVE
ibaje,NEGATIVE
fipa,NEGATIVE
ibi,NEGATIVE
tẹ́rí gbaṣọ,NEGATIVE
ìbẹ̀rù,NEGATIVE
katikati,NEGATIVE
dunni,NEGATIVE
yànmùyánmú,NEGATIVE
majele,NEGATIVE
bajẹ,NEGATIVE
ẹlẹgan,NEGATIVE
ikaa,NEGATIVE
oshi,NEGATIVE
aṣeni,NEGATIVE
àgbákò,NEGATIVE
aburú,NEGATIVE
apànìyàn,NEGATIVE
ẹ̀ṣẹ,NEGATIVE
idẹwò,NEGATIVE
bilisi,NEGATIVE
gbese,NEGATIVE
ńbẹ̀rù,NEGATIVE
nípakúpa,NEGATIVE
eke,NEGATIVE
egan,NEGATIVE
alabosi,NEGATIVE
abanije,NEGATIVE
ìsọkúsọ,NEGATIVE
oran,NEGATIVE
àibófin,NEGATIVE
àitọ́,NEGATIVE
arojúowó,NEGATIVE
alaimore,NEGATIVE
le koko,NEGATIVE
shofo,NEGATIVE
alaileko,NEGATIVE
aṣiwere,NEGATIVE
jalè,NEGATIVE
sofo,NEGATIVE
àìdúpẹ́,NEGATIVE
lebi,NEGATIVE
ìwa òdáran,NEGATIVE
èsùn,NEGATIVE
waala,NEGATIVE
jebi,NEGATIVE
si rin,NEGATIVE
rògbòdìyàn,NEGATIVE
farígá,NEGATIVE
wàhálá,NEGATIVE
ìhámọ́,NEGATIVE
adigunjalè,NEGATIVE
ipenija,NEGATIVE
irọ́,NEGATIVE
àṣedànù,NEGATIVE
àìnítẹ̀ẹ́lọ́rùn,NEGATIVE
idaamu,NEGATIVE
alátakò,NEGATIVE
dana sun,NEGATIVE
ìsọnu,NEGATIVE
sonu,NEGATIVE
ibu,NEGATIVE
lewon,NEGATIVE
ōgùn,NEGATIVE
adojutini,NEGATIVE
ẹ̀jẹ̀,NEGATIVE
èkísà,NEGATIVE
apanije,NEGATIVE
bayé jẹ́,NEGATIVE
ẹ̀rù,NEGATIVE
abàlújẹ́,NEGATIVE
ẹjọ́,NEGATIVE
shangba fo,NEGATIVE
dànù,NEGATIVE
ìkọkúkọ,NEGATIVE
eleriibu,NEGATIVE
lólè,NEGATIVE
mólè,NEGATIVE
kó o bá,NEGATIVE
werey,NEGATIVE
lábùkù,NEGATIVE
àìmète,NEGATIVE
àìmèrò,NEGATIVE
weyrey,NEGATIVE
ayi lojuti,NEGATIVE
akótilétà,NEGATIVE
játijàti,NEGATIVE
aláìnírònú,NEGATIVE
ero oloro,NEGATIVE
fẹsẹ̀ kọ,NEGATIVE
lobaje,NEGATIVE
elegan,NEGATIVE
ofutu fete,NEGATIVE
ribi,NEGATIVE
ìwà olè,NEGATIVE
kàbùkù,NEGATIVE
àìtọ́,NEGATIVE
àbùkù,NEGATIVE
asínwí,NEGATIVE
agọ̀,NEGATIVE
gbọ́kú,NEGATIVE
doju ti wa,NEGATIVE
alaseju,NEGATIVE
lógun,NEGATIVE
bẹ́kùnbẹ́kùn,NEGATIVE
alakoba,NEGATIVE
rẹ́rẹ́ run,NEGATIVE
buru,NEGATIVE
àjínigbé,NEGATIVE
gbógun,NEGATIVE
ayederu,NEGATIVE
daaru,NEGATIVE
àgbàyà,NEGATIVE
adanwo,NEGATIVE
adigunjale,NEGATIVE
buburu,NEGATIVE
ijanmba,NEGATIVE
ofo,NEGATIVE
isokuso,NEGATIVE
asedanu,NEGATIVE
magun,NEGATIVE
paro,NEGATIVE
giran,NEGATIVE
ote,NEGATIVE
ku,NEGATIVE
rìnhòòhò,NEGATIVE
forisole,NEGATIVE
inu a si bi mi,NEGATIVE
alaini,NEGATIVE
iwofa,NEGATIVE
dindinrin,NEGATIVE
su saaga,NEGATIVE
afenifebi,NEGATIVE
alatenuje,NEGATIVE
onijekuje,NEGATIVE
aibikita,NEGATIVE
imotara eni nikan,NEGATIVE
afọ̀fungbému,NEGATIVE
alákìísa,NEGATIVE
kàkóbá,NEGATIVE
kàgbákò,NEGATIVE
oju ti mi,NEGATIVE
forí ṣọ́pọ́n‍️,NEGATIVE
oogun oloro,NEGATIVE
olosha,NEGATIVE
janduku,NEGATIVE
rakatiya,NEGATIVE
dekun,NEGATIVE
siwin,NEGATIVE
awuyewuye,NEGATIVE
ode,NEGATIVE
ipalara,NEGATIVE
ajakale àrùn,NEGATIVE
aseti,NEGATIVE
àjórẹ̀hìn,NEGATIVE
esun,NEGATIVE
ituju,NEGATIVE
dojuru,NEGATIVE
dágbére fáyé,NEGATIVE
akobata,NEGATIVE
adi gun jale,NEGATIVE
kodun,NEGATIVE
àfojúdi,NEGATIVE
àìgbọràn,NEGATIVE
bu igi je,NEGATIVE
asiwere,NEGATIVE
segbe,NEGATIVE
ọkanjuà,NEGATIVE
ìbànújẹ́,NEGATIVE
ojusaaju,NEGATIVE
abosi,NEGATIVE
alatako,NEGATIVE
àìmọ iṣẹ́ kọ̀,NEGATIVE
eemo,NEGATIVE
arìndìn,NEGATIVE
ijongbo,NEGATIVE
soro,NEGATIVE
onijibiti,NEGATIVE
koba,NEGATIVE
jẹgúdújẹra,NEGATIVE
odale,NEGATIVE
ngbáni,NEGATIVE
wombia,NEGATIVE
ku die kaato,NEGATIVE
asiere,NEGATIVE
asinwin,NEGATIVE
atoroje,NEGATIVE
àdanwò,NEGATIVE
pa run,NEGATIVE
wo gau,NEGATIVE
yeye,NEGATIVE
etan,NEGATIVE
díbọ́n,NEGATIVE
tọ́tá,NEGATIVE
àgbẹdọ̀,NEGATIVE
kogbon,NEGATIVE
ọ̀fọ̀,NEGATIVE
òfò,NEGATIVE
idamu,NEGATIVE
run,NEGATIVE
gbẹ́nu sọ́hùn,NEGATIVE
jegudujera,NEGATIVE
olote,NEGATIVE
emo,NEGATIVE
pampe,NEGATIVE
ebu,NEGATIVE
wonbiliki,NEGATIVE
ẹhànnà,NEGATIVE
atenuje,NEGATIVE
kabamo,NEGATIVE
alákọrí,NEGATIVE
doju ti,NEGATIVE
iponju,NEGATIVE
jandukun,NEGATIVE
jeya,NEGATIVE
òkú,NEGATIVE
ise,NEGATIVE
kunmo,NEGATIVE
ada,NEGATIVE
ake,NEGATIVE
ibon,NEGATIVE
olofofo,NEGATIVE
waduwadu,NEGATIVE
laburú,NEGATIVE
ṣépè,NEGATIVE
asetani,NEGATIVE
oloro,NEGATIVE
yinban,NEGATIVE
adaniloro,NEGATIVE
bombu,NEGATIVE
warofu,NEGATIVE
bekun bekun,NEGATIVE
ijekuje,NEGATIVE
tẹ̀mbẹ̀lẹ̀kun,NEGATIVE
ìṣubú,NEGATIVE
ìkánjú,NEGATIVE
oni gbana,NEGATIVE
sheke sheke,NEGATIVE
gbo ewuro,NEGATIVE
dise,NEGATIVE
akóṣìbérò,NEGATIVE
olosa,NEGATIVE
onijamba,NEGATIVE
fi imu danrin,NEGATIVE
ẹ̀wọ̀n,NEGATIVE
fojú bale ejo,NEGATIVE
janguda,NEGATIVE
ipinya,NEGATIVE
isoro,NEGATIVE
lekun,NEGATIVE
okunrun,NEGATIVE
súnkẹrẹ,NEGATIVE
pòfo,NEGATIVE
aku fa,NEGATIVE
digbolugi,NEGATIVE
pami,NEGATIVE
ifipa bani lopo,NEGATIVE
iwa eranko,NEGATIVE
gbe omo sin,NEGATIVE
damu,NEGATIVE
yinbon,NEGATIVE
ìpalára,NEGATIVE
fara pa,NEGATIVE
egun,NEGATIVE
àìláròjinlẹ̀,NEGATIVE
àìmọ̀kan,NEGATIVE
akobani,NEGATIVE
ago,NEGATIVE
saria,NEGATIVE
atiniloju,NEGATIVE
olókùnrùn,NEGATIVE
asewo,NEGATIVE
oku,NEGATIVE
jàńjàń,NEGATIVE
ìwàkuwà,NEGATIVE
rógo,NEGATIVE
fajuro,NEGATIVE
yẹ̀yẹ́,NEGATIVE
owo osi,NEGATIVE
ìbánújé,NEGATIVE
ajínigbé,NEGATIVE
òtá,NEGATIVE
amúnisìn,NEGATIVE
dìṣẹ́,NEGATIVE
òsìkà,NEGATIVE
akindanidani,NEGATIVE
afurasí,NEGATIVE
ìjànbá,NEGATIVE
búburú,NEGATIVE
ìka,NEGATIVE
abinu eni,NEGATIVE
ọwọ osi,NEGATIVE
ọ̀tá,NEGATIVE
inú ń bí,NEGATIVE
ṣìkàṣìkà,NEGATIVE
láìdunnú,NEGATIVE
àgàn,NEGATIVE
aàrùn,NEGATIVE
ìranù,NEGATIVE
ìṣoro,NEGATIVE
olóríkórí,NEGATIVE
ìkúùkù,NEGATIVE
gbàbọ̀dè,NEGATIVE
mòṣì,NEGATIVE
dẹ́rù ba,NEGATIVE
àtẹnujẹ,NEGATIVE
àrìrá,NEGATIVE
etí ikún,NEGATIVE
bimi ninu,NEGATIVE
purọ́purọ́,NEGATIVE
èké,NEGATIVE
àléébù,NEGATIVE
kẹ́mí bọ́,NEGATIVE
ọta,NEGATIVE
òsì,NEGATIVE
ọ̀bùn,NEGATIVE
dìgbòlugi,NEGATIVE
bàsèjẹ́,NEGATIVE
alùfànṣá,NEGATIVE
ẹ̀bùrú,NEGATIVE
alasasi,NEGATIVE
oniranu,NEGATIVE
burukuibo,NEGATIVE
fidi remi,NEGATIVE
ẹlẹ́wọ̀n,NEGATIVE
apọkọjẹ,NEGATIVE
ṣàngbà fọ́,NEGATIVE
àwátì,NEGATIVE
ajegudujera,NEGATIVE
alọkólóhunkígbe,NEGATIVE
daṣẹ́wó,NEGATIVE
súnkẹrẹ fàkẹrẹ,NEGATIVE
abanilọ́kànjẹ́,NEGATIVE
ifasehin,NEGATIVE
ìjayà,NEGATIVE
fíafìa,NEGATIVE
ìbẹ̀rùbojo,NEGATIVE
asínwín,NEGATIVE
ọ̀daràn,NEGATIVE
yàyààkuyà,NEGATIVE
ìwà ìbájẹ́,NEGATIVE
alarun opolo,NEGATIVE
rudurudu,NEGATIVE
nikú òjijì,NEGATIVE
kébi,NEGATIVE
aláìlójútì,NEGATIVE
ìjàmbá,NEGATIVE
ọ̀run àpáàdì,NEGATIVE
òkóbóo,NEGATIVE
báṣubàṣu,NEGATIVE
léwu,NEGATIVE
àtakò,NEGATIVE
ìkórìíra,NEGATIVE
sunkere fakere,NEGATIVE
fibinu,NEGATIVE
agbebon,NEGATIVE
àtàn,NEGATIVE
alo koloun kigbe,NEGATIVE
alátojúbọ̀,NEGATIVE
òfo,NEGATIVE
òlè,NEGATIVE
alápámáṣiṣẹ́,NEGATIVE
ẹhọ̀nnà,NEGATIVE
soogun owo,NEGATIVE
dìndìnrìn,NEGATIVE
òṣì,NEGATIVE
shior,NEGATIVE
ipá,NEGATIVE
sùnmẹ̀sùnmẹ̀,NEGATIVE
yánpọnyánrin,NEGATIVE
fimú dánrin,NEGATIVE
kayefi,NEGATIVE
ọ̀jẹ̀lu,NEGATIVE
fi imú dánrin,NEGATIVE
àṣemáṣe,NEGATIVE
asunu,NEGATIVE
nírọ́,NEGATIVE
ikúu,NEGATIVE
labukun,NEGATIVE
ìrònú,NEGATIVE
ìjẹkújẹ,NEGATIVE
ẹ̀tànjẹ,NEGATIVE
ìṣọ̀nú,NEGATIVE
ṣá,NEGATIVE
pààyàn,NEGATIVE
ọmọ òrukan,NEGATIVE
alakori,NEGATIVE
àkekèé,NEGATIVE
ìjọ̀gbọ́n,NEGATIVE
ejò lọ́wọ́ ńnú,NEGATIVE
tepe,NEGATIVE
abunkun,NEGATIVE
ado oloro,NEGATIVE
dáràn,NEGATIVE
pa okùn so,NEGATIVE
pokùnso,NEGATIVE
gbole,NEGATIVE
japin,NEGATIVE
ọ̀darànmọràn,NEGATIVE
onigbeseonijekujeoninakuna,NEGATIVE
fokasibe,NEGATIVE
ake kori,NEGATIVE
èèwọ̀,NEGATIVE
aláìbìkítà,NEGATIVE
oníjìbìtì,NEGATIVE
àṣejù,NEGATIVE
kóríburúkú,NEGATIVE
gbàgbàkugbà,NEGATIVE
aláìmọ̀nkan,NEGATIVE
mẹ́hẹ,NEGATIVE
wèrèe,NEGATIVE
falẹ̀ ya,NEGATIVE
pàrọ,NEGATIVE
àpọ̀dà,NEGATIVE
dahoro,NEGATIVE
ashewo,NEGATIVE
gbomo gbomo,NEGATIVE
jagun,NEGATIVE
àjẹ́,NEGATIVE
eewo,NEGATIVE
kiku,NEGATIVE
ijanba,NEGATIVE
omùgọ̀,NEGATIVE
àìșe déédéé,NEGATIVE
arìnyà,NEGATIVE
sun ẹ̀jẹ̀,NEGATIVE
rirun,NEGATIVE
ẹ̀dùn,NEGATIVE
gbolẹ̀,NEGATIVE
dojúrú,NEGATIVE
ọmọ́gọ̀,NEGATIVE
abuke,NEGATIVE
oníjẹkújẹ,NEGATIVE
oníwà ìbàjẹ́,NEGATIVE
olójúkòkòrò,NEGATIVE
eégbọ́n,NEGATIVE
ṣèjànbá,NEGATIVE
tan,NEGATIVE
ọ̀mútí,NEGATIVE
òkúìgbẹ́,NEGATIVE
àìfinipeni,NEGATIVE
aláìlójútí,NEGATIVE
àfènìyànpènìyàn,NEGATIVE
ailera,NEGATIVE
afago kẹyin aparo,NEGATIVE
burukú,NEGATIVE
ja soja,NEGATIVE
aise dede,NEGATIVE
alàìmore,NEGATIVE
àìsìnmi,NEGATIVE
ibà,NEGATIVE
rògbòdìyan,NEGATIVE
ọmọìta,NEGATIVE
ẹ̀sùn,NEGATIVE
ìlònílòkulò,NEGATIVE
ikuna,NEGATIVE
fárígá,NEGATIVE
àìmọ̀,NEGATIVE
ṣetíkunkun,NEGATIVE
lágara,NEGATIVE
wàjà,NEGATIVE
ìninilára,NEGATIVE
ebola,NEGATIVE
alainironu,NEGATIVE
apoda,NEGATIVE
pàbo,NEGATIVE
fàjà,NEGATIVE
ìbàjẹ́,NEGATIVE
èébú,NEGATIVE
lẹ́wọ̀n,NEGATIVE
òpùrọ́,NEGATIVE
ṣòfò,NEGATIVE
apanimayoda,NEGATIVE
rogo,NEGATIVE
ẹsẹ̀,NEGATIVE
ìnilára,NEGATIVE
amebo,NEGATIVE
jàgídíjàgọn,NEGATIVE
páálíi,NEGATIVE
jàgùdà,NEGATIVE
ẹ̀gún,NEGATIVE
afowo fa,NEGATIVE
sunkún,NEGATIVE
jí ọmọ gbé,NEGATIVE
iberu,NEGATIVE
ìmọtara ẹni nìkan,NEGATIVE
òmùgọ̀,NEGATIVE
gbàrọgùdù,NEGATIVE
èèdì,NEGATIVE
yankolu yankolu,NEGATIVE
akídanidání,NEGATIVE
jẹjẹrẹ,NEGATIVE
mutí yó,NEGATIVE
ìyànjẹ,NEGATIVE
ẹ̀san,NEGATIVE
jìbìtì,NEGATIVE
tenbelu,NEGATIVE
figbe ta,NEGATIVE
ètekéte,NEGATIVE
gbewudani,NEGATIVE
mùmú,NEGATIVE
pándukú,NEGATIVE
enu ete,NEGATIVE
jẹgúdújẹrá,NEGATIVE
fìtìnátì,NEGATIVE
lófò,NEGATIVE
ìwà pálapàla,NEGATIVE
du,NEGATIVE
ìjì,NEGATIVE
aláyàgbàngbà,NEGATIVE
enu ko japin,NEGATIVE
jàgídíjàgan,NEGATIVE
aseni,NEGATIVE
aginjù,NEGATIVE
dará ìlú láàmú,NEGATIVE
masanfani,NEGATIVE
sù mi,NEGATIVE
ojú tì mí,NEGATIVE
ariwo,NEGATIVE
rara,NEGATIVE
ṣàkùṣákù,NEGATIVE
tipa,NEGATIVE
bóńfò,NEGATIVE
rúdurùdu,NEGATIVE
dojú rú,NEGATIVE
aláìní,NEGATIVE
eburu,NEGATIVE
ibojioran,NEGATIVE
àrugisẹ́gi,NEGATIVE
aṣebí,NEGATIVE
wọ̀nbílíkíwọ̀bìà,NEGATIVE
àjẹbánu,NEGATIVE
ọ̀kánjúà,NEGATIVE
láìgbọkọ,NEGATIVE
tẹ́ńbẹ́lú,NEGATIVE
ṣíọ̀,NEGATIVE
láìpànìyàn,NEGATIVE
ominú,NEGATIVE
adagba ma danu,NEGATIVE
alatenuju,NEGATIVE
bani lọ́kàn jẹ́,NEGATIVE
onímúṣoṣoro,NEGATIVE
omuti,NEGATIVE
ẹ̀gbin,NEGATIVE
ojú tì ọ́,NEGATIVE
aláìmọ̀kanmọ̀kan,NEGATIVE
eleleya,NEGATIVE
àkúfà,NEGATIVE
kòbákùngbẹ́ ọ̀rọ̀,NEGATIVE
ojú tì yín,NEGATIVE
olòṣì,NEGATIVE
fìyà jẹ,NEGATIVE
àkóbá,NEGATIVE
ṣòkùnkùn,NEGATIVE
doríkodò,NEGATIVE
egbò,NEGATIVE
iran kiran,NEGATIVE
gé wa jẹ,NEGATIVE
jẹ wa run,NEGATIVE
múnú bí mi,NEGATIVE
ìjẹgúdújẹrá,NEGATIVE
alakatakiti,NEGATIVE
ìsìnkú,NEGATIVE
wọ̀nbílíkí,NEGATIVE
ìmọtara ẹninìkan,NEGATIVE
àìbìkítà,NEGATIVE
òdo,NEGATIVE
ìwọ̀sí,NEGATIVE
iná,NEGATIVE
gbébọn,NEGATIVE
orí bíbẹ́,NEGATIVE
jamba,NEGATIVE
seria,NEGATIVE
lẹ́fọ̀ọ̀rí,NEGATIVE
fagilé,NEGATIVE
àsàkásà,NEGATIVE
bàjé,NEGATIVE
pálapàla,NEGATIVE
ìṣowóòlúmọ́kumọ̀ku,NEGATIVE
otẹ̀,NEGATIVE
sumi,NEGATIVE
akónilẹ́rú,NEGATIVE
ìfẹ́kúfẹ̀ẹ́,NEGATIVE
gbàgbátí,NEGATIVE
àṣìṣe,NEGATIVE
kóyán mi kéré,NEGATIVE
àdó olóróo,NEGATIVE
kóbá,NEGATIVE
ẹnu àtẹ́,NEGATIVE
ẹlẹ́tàn,NEGATIVE
nà,NEGATIVE
látìmọ́lé,NEGATIVE
túbú,NEGATIVE
eléebi,NEGATIVE
ìdíwọ́,NEGATIVE
ọ̀run àrìnmabọ̀,NEGATIVE
idoti,NEGATIVE
ògùn,NEGATIVE
ńṣekúṣe,NEGATIVE
ìṣekúṣe,NEGATIVE
ṣàgbèrè,NEGATIVE
aláìníṣẹ́,NEGATIVE
dènà,NEGATIVE
só síni lẹ́nu,NEGATIVE
ṣàtẹnujẹ,NEGATIVE
jàndùkú,NEGATIVE
lásìgbo,NEGATIVE
bojo,NEGATIVE
jí,NEGATIVE
ìtìjú,NEGATIVE
elépè,NEGATIVE
àṣìgbà,NEGATIVE
àṣìgbọ́,NEGATIVE
arungun,NEGATIVE
ìrégbè,NEGATIVE
oòkùn,NEGATIVE
lalubami,NEGATIVE
lu,NEGATIVE
aiye le,NEGATIVE
aíṣòdodo,NEGATIVE
pọ̀rẹ́,NEGATIVE
pẹrú,NEGATIVE
tanrawa,NEGATIVE
okoẹrú,NEGATIVE
ẹbọ,NEGATIVE
àsàsíàránsí,NEGATIVE
jùàjùà,NEGATIVE
dànìdànì,NEGATIVE
gọ̀ dànìdànì,NEGATIVE
pekoro,NEGATIVE
ìgbóná,NEGATIVE
àmì àìsàn,NEGATIVE
sásán,NEGATIVE
já sásán,NEGATIVE
iwa palapala,NEGATIVE
palapala,NEGATIVE
nlupa,NEGATIVE
jatijati,NEGATIVE
pe,NEGATIVE
fo,NEGATIVE
jìnnà,NEGATIVE
ààtàn,NEGATIVE
aláṣìkọ,NEGATIVE
dàárúdàpápọ̀,NEGATIVE
ológun,NEGATIVE
alọni lọwọ,NEGATIVE
jí owó,NEGATIVE
alọni lọwọ gba,NEGATIVE
kọ,NEGATIVE
jo ni lowo,NEGATIVE
jo,NEGATIVE
ọngbe,NEGATIVE
pamó,NEGATIVE
wáṣebí,NEGATIVE
dùn ún,NEGATIVE
fa ako yo,NEGATIVE
dí ọ̀nà,NEGATIVE
alágbára má mèrò,NEGATIVE
àìjẹun,NEGATIVE
àìjẹun kánú,NEGATIVE
aṣiwèrè,NEGATIVE
aṣiwè,NEGATIVE
arọ,NEGATIVE
kasa kasa,NEGATIVE
kese kese,NEGATIVE
wẹ̀hìn,NEGATIVE
àdájà logun,NEGATIVE
logun,NEGATIVE
jagun aye,NEGATIVE
bọ́,NEGATIVE
bọ́ lọ́wọ́ èèyàn,NEGATIVE
ębi,NEGATIVE
fọwọ́ rọrí,NEGATIVE
nikú,NEGATIVE
ojoojo,NEGATIVE
fífọ́,NEGATIVE
bíbẹ́,NEGATIVE
kòkòrò,NEGATIVE
táwọ́ ná,NEGATIVE
kíkan,NEGATIVE
ebiti,NEGATIVE
opa ebiti,NEGATIVE
kòfẹ́kògbà,NEGATIVE
ja,NEGATIVE
títúká,NEGATIVE
ńdààmú,NEGATIVE
paruku,NEGATIVE
te,NEGATIVE
ashi te,NEGATIVE
ajá,NEGATIVE
eégbọn,NEGATIVE
baaaje,NEGATIVE
káṣá,NEGATIVE
fi ara káṣá,NEGATIVE
ale,NEGATIVE
gboromi di eleru,NEGATIVE
jegudujerani,NEGATIVE
ńdènà,NEGATIVE
egungun,NEGATIVE
dún mọ̀huru mọ̀huru,NEGATIVE
mọ̀huru,NEGATIVE
ńfura,NEGATIVE
fura,NEGATIVE
alágbàró,NEGATIVE
ọlọ́ràn,NEGATIVE
ẹjọ́ ẹlẹ́jọ́,NEGATIVE
oògún,NEGATIVE
diwin,NEGATIVE
fáàrí ẹ̀ṣẹ́,NEGATIVE
ko rorun,NEGATIVE
oṣó,NEGATIVE
eṣinkéṣin,NEGATIVE
imí,NEGATIVE
foju di e,NEGATIVE
aigbo,NEGATIVE
relè,NEGATIVE
ṣojo,NEGATIVE
ọ̀wọ́n,NEGATIVE
kan gógó,NEGATIVE
kan,NEGATIVE
ọ̀wọ́n gógó,NEGATIVE
le,NEGATIVE
gógó,NEGATIVE
parọ́,NEGATIVE
àsọjù,NEGATIVE
yára,NEGATIVE
si esè gbé,NEGATIVE
òwón,NEGATIVE
ọ̀sé,NEGATIVE
furò,NEGATIVE
alai ni nkan se,NEGATIVE
irú,NEGATIVE
tú ọ̀yọ́ilé,NEGATIVE
àsálà,NEGATIVE
di ahoro,NEGATIVE
jẹ̀gbẹ̀,NEGATIVE
géle,NEGATIVE
eré e géle,NEGATIVE
yá,NEGATIVE
ebora,NEGATIVE
gàba,NEGATIVE
idà,NEGATIVE
gba ijoba,NEGATIVE
kò tó,NEGATIVE
já,NEGATIVE
dájú,NEGATIVE
sile ejo,NEGATIVE
àìmète àìmèrò,NEGATIVE
itakun,NEGATIVE
ofifo,NEGATIVE
agba ofifo,NEGATIVE
ribiribi,NEGATIVE
kò lọ́pọlọ,NEGATIVE
ikú òjijì,NEGATIVE
pagúnugún,NEGATIVE
pàkàlàmàgbò,NEGATIVE
kìí póṣù,NEGATIVE
tasẹ̀ àgèrè,NEGATIVE
korona,NEGATIVE
gbagbe,NEGATIVE
gbem,NEGATIVE
gbemi,NEGATIVE
dáni,NEGATIVE
onya,NEGATIVE
beru,NEGATIVE
fipá,NEGATIVE
owó òsì,NEGATIVE
àlè,NEGATIVE
omo àlè,NEGATIVE
o se ko,NEGATIVE
àisàn,NEGATIVE
dí kókó,NEGATIVE
yunmu yunmu,NEGATIVE
ejò,NEGATIVE
láàpọ́njù,NEGATIVE
jalẹ̀,NEGATIVE
omi ìṣanwó,NEGATIVE
ndolos,NEGATIVE
ndolosi,NEGATIVE
coronavirus,NEGATIVE
ọlọjẹ,NEGATIVE
koju,NEGATIVE
àrá,NEGATIVE
atifokanbale,NEGATIVE
keresi,NEGATIVE
ògún,NEGATIVE
ògùnòògùn,NEGATIVE
ariwo ikunle abiyamo,NEGATIVE
ge,NEGATIVE
ako,NEGATIVE
ìríra,NEGATIVE
gberu eleru sori,NEGATIVE
ọlọ́sà,NEGATIVE
ìjàm̀bá,NEGATIVE
àtọwọ́dá,NEGATIVE
fọ́,NEGATIVE
da wàrà nù,NEGATIVE
eégún,NEGATIVE
òkò,NEGATIVE
nika,NEGATIVE
ẹṣin,NEGATIVE
da lamu,NEGATIVE
iwa jibiti,NEGATIVE
gbóná,NEGATIVE
àìṣòdod,NEGATIVE
o,NEGATIVE
ìdọ̀tí,NEGATIVE
fowo osi juwe,NEGATIVE
ru igi oyin,NEGATIVE
owókówó,NEGATIVE
omo kómo,NEGATIVE
túlààsì,NEGATIVE
tipátipá,NEGATIVE
ebí,NEGATIVE
mólè dání,NEGATIVE
àìlè mójú kúrò,NEGATIVE
àbíkú,NEGATIVE
iranse okunkun,NEGATIVE
bale ejo,NEGATIVE
dani,NEGATIVE
dà,NEGATIVE
igídá,NEGATIVE
dín,NEGATIVE
oojelu,NEGATIVE
òògùn,NEGATIVE
lágbọ̀nọ́n,NEGATIVE
lágbọ̀nọ́n jù,NEGATIVE
fota,NEGATIVE
ojojo,NEGATIVE
go,NEGATIVE
mesi,NEGATIVE
ikan o gbekan,NEGATIVE
owu,NEGATIVE
ojú ń kán,NEGATIVE
ti jefo,NEGATIVE
jefo,NEGATIVE
enimaanii,NEGATIVE
dá lóró,NEGATIVE
eṣin,NEGATIVE
ológundúdú,NEGATIVE
alufansa,NEGATIVE
masanfan,NEGATIVE
oníbárà,NEGATIVE
apẹranjayé,NEGATIVE
gbàgbé,NEGATIVE
ìgbòkègbodò,NEGATIVE
loje,NEGATIVE
jẹbẹtẹ,NEGATIVE
ìbọn,NEGATIVE
egbe okunkun,NEGATIVE
pípẹ́,NEGATIVE
rìkísí,NEGATIVE
ńsunkún,NEGATIVE
logba ewon,NEGATIVE
odaru,NEGATIVE
ọmọ yahooyahoo,NEGATIVE
yahooyahoo,NEGATIVE
àwìn,NEGATIVE
wọ́,NEGATIVE
ilẹ̀ á ṣá,NEGATIVE
ìyá,NEGATIVE
sọ̀ ilé nù,NEGATIVE
rúgbó,NEGATIVE
gbùrù,NEGATIVE
fagbó,NEGATIVE
gbegede bá gbiná,NEGATIVE
sika,NEGATIVE
fọgba yángan,NEGATIVE
dé tòru tòru,NEGATIVE
sejo,NEGATIVE
dópin,NEGATIVE
àbíjù,NEGATIVE
rọ,NEGATIVE
èèpà,NEGATIVE
ìgbàgbé,NEGATIVE
elewon,NEGATIVE
larí mọ́,NEGATIVE
ifipa bani lo,NEGATIVE
baninu jè,NEGATIVE
fẹ́rakù,NEGATIVE
jáfara,NEGATIVE
ase te,NEGATIVE
iba je,NEGATIVE
abalu je,NEGATIVE
elede,NEGATIVE
tẹ̀yìn,NEGATIVE
òfìfo,NEGATIVE
rẹ́yìn,NEGATIVE
ṣu,NEGATIVE
àfẹnuní,NEGATIVE
ko ni san,NEGATIVE
ko ni wo,NEGATIVE
esan,NEGATIVE
orun apadi,NEGATIVE
ise esu,NEGATIVE
fewo,NEGATIVE
àwín,NEGATIVE
kò sọ́wọ́,NEGATIVE
aasidi,NEGATIVE
temi bami,NEGATIVE
temi bami ‍️,NEGATIVE
ejo,NEGATIVE
alájẹk,NEGATIVE
jàjẹjù,NEGATIVE
òógùn,NEGATIVE
iyán ewú,NEGATIVE
wobia,NEGATIVE
ęlęsan,NEGATIVE
owoori,NEGATIVE
ju sewon,NEGATIVE
ọlọ́ṣa,NEGATIVE
alai ni,NEGATIVE
sinku,NEGATIVE
asiri tu,NEGATIVE
okelegbigbe,NEGATIVE
òwón gógó,NEGATIVE
ebakeeba,NEGATIVE
ìgbẹ́,NEGATIVE
ofon,NEGATIVE
àlé,NEGATIVE
ómò àlé,NEGATIVE
gìrìgìrì,NEGATIVE
gbẹ,NEGATIVE
lejò,NEGATIVE
ẹṣin inú ìwé,NEGATIVE
jaaja,NEGATIVE
tuka,NEGATIVE
ìwà oníwà,NEGATIVE
ẹ̀yìn,NEGATIVE
èrò ẹ̀yìn,NEGATIVE
kìlọ̀,NEGATIVE
ògbólógbòó,NEGATIVE
ku die kaa to,NEGATIVE
ro,NEGATIVE
ro mi,NEGATIVE
kòrónà,NEGATIVE
tàràkà,NEGATIVE
jeni,NEGATIVE
ajoji,NEGATIVE
korò,NEGATIVE
be iya re,NEGATIVE
be,NEGATIVE
larun,NEGATIVE
bójú weyín,NEGATIVE
pípọ́n,NEGATIVE
aláṣọ pípọ́n,NEGATIVE
àìní ìforítì,NEGATIVE
ku lojiji,NEGATIVE
ko dara,NEGATIVE
pọ́n ìtalẹ̀ lójú,NEGATIVE
siregun,NEGATIVE
ikan gba ikan,NEGATIVE
àìní,NEGATIVE
aísáyà,NEGATIVE
ibinu,NEGATIVE
ẹlẹṣẹ,NEGATIVE
ogun iyagbe,NEGATIVE
jáde láyé,NEGATIVE
koni dafun,NEGATIVE
iṣoro,NEGATIVE
iṣoroidaamuapata,NEGATIVE
ibajee,NEGATIVE
iwa ibajee,NEGATIVE
òsèlú,NEGATIVE
yẹ́ àga,NEGATIVE
ilé ẹjọ́,NEGATIVE
ahun,NEGATIVE
dèèmọ̀,NEGATIVE
lèèmọ̀,NEGATIVE
na ìyá ẹ̀,NEGATIVE
na,NEGATIVE
díjà,NEGATIVE
bojì,NEGATIVE
doyan,NEGATIVE
do,NEGATIVE
puro,NEGATIVE
sise,NEGATIVE
bòoji,NEGATIVE
yago,NEGATIVE
iyapa,NEGATIVE
ogún,NEGATIVE
begi dínà,NEGATIVE
omiarindin,NEGATIVE
arindin,NEGATIVE
sekú,NEGATIVE
àjèjì,NEGATIVE
iwa jegudu jera,NEGATIVE
jole,NEGATIVE
adaran,NEGATIVE
mole,NEGATIVE
inu nbi won,NEGATIVE
bi won,NEGATIVE
gbigbe,NEGATIVE
ese aro,NEGATIVE
agbọ́n,NEGATIVE
níkú,NEGATIVE
owujije,NEGATIVE
lọlẹ́,NEGATIVE
lákáláká,NEGATIVE
ìdágbẹ́,NEGATIVE
pòòlò,NEGATIVE
àtọ̀hùnrìnwá,NEGATIVE
ko ma ragba,NEGATIVE
ragba,NEGATIVE
solénù,NEGATIVE
agídí ọkàn,NEGATIVE
agbelebu,NEGATIVE
fọ́ lójú,NEGATIVE
lẹ́mọ,NEGATIVE
eyan lasan,NEGATIVE
aitete,NEGATIVE
sé e lésé,NEGATIVE
lésé,NEGATIVE
kúmọkùmọ,NEGATIVE
dà á nù,NEGATIVE
jade laye,NEGATIVE
adagunodo,NEGATIVE
lásán,NEGATIVE
ketan sare,NEGATIVE
fara ká sá,NEGATIVE
suti,NEGATIVE
kan ìsàlẹ̀ àpò,NEGATIVE
ijakule,NEGATIVE
sá kiri,NEGATIVE
àṣìtẹ̀,NEGATIVE
ṣe ara rẹ̀,NEGATIVE
sẹ́só,NEGATIVE
àkérékeàkééke,NEGATIVE
ta ni pa,NEGATIVE
kágún,NEGATIVE
ṣẹja,NEGATIVE
àjekún,NEGATIVE
jẹ̀bi,NEGATIVE
dóṣìpaàgbàànà,NEGATIVE
o ma se,NEGATIVE
kojú oro,NEGATIVE
yí dànù,NEGATIVE
para wọn,NEGATIVE
para,NEGATIVE
warunkio,NEGATIVE
dọ̀lẹ,NEGATIVE
òrom̀bó,NEGATIVE
osuwon,NEGATIVE
ibí,NEGATIVE
afibi sure,NEGATIVE
omi ishanwo,NEGATIVE
eleribu,NEGATIVE
ma she afani,NEGATIVE
gau,NEGATIVE
lafurasi,NEGATIVE
kákú,NEGATIVE
ò fẹ́ kálà,NEGATIVE
gbéni ṣánlẹ̀,NEGATIVE
gun orí ẹni,NEGATIVE
súni,NEGATIVE
ruru,NEGATIVE
hó ruru,NEGATIVE
tẹ̀gàn,NEGATIVE
òdáran,NEGATIVE
jefun,NEGATIVE
pampe ofin,NEGATIVE
àtẹ̀yìntọ̀,NEGATIVE
ìgárá ọlọ́ṣà,NEGATIVE
ọlọ́ṣà,NEGATIVE
rerr,NEGATIVE
sọ òkò,NEGATIVE
àkọ̀tì,NEGATIVE
yàgò,NEGATIVE
rẹ,NEGATIVE
sọ ilé nù,NEGATIVE
roju koko,NEGATIVE
ọ̀run àrèmabọ̀,NEGATIVE
dàrìnnàkò,NEGATIVE
àrèmabọ̀,NEGATIVE
ńpa,NEGATIVE
kò bá kùngbẹ́,NEGATIVE
o̩po̩lo̩,NEGATIVE
èṣù,NEGATIVE
ìbi,NEGATIVE
déènà,NEGATIVE
ba araye fowo tii,NEGATIVE
asiri,NEGATIVE
ogun ẹjọ́,NEGATIVE
àrún,NEGATIVE
yari,NEGATIVE
àkìtàn,NEGATIVE
éèwọ̀,NEGATIVE
dalẹ̀,NEGATIVE
ko ma ragba fun,NEGATIVE
oshii,NEGATIVE
isonu,NEGATIVE
adẹ́mìí légbodò,NEGATIVE
ibodi,NEGATIVE
ẹ̀gàn,NEGATIVE
tàkìtàn,NEGATIVE
wó,NEGATIVE
birimùbirimù,NEGATIVE
kàn,NEGATIVE
ga ju,NEGATIVE
bu yin,NEGATIVE
fi ikan gbakan,NEGATIVE
fo ori e danu,NEGATIVE
yegi fun un,NEGATIVE
yegi,NEGATIVE
yegi fun,NEGATIVE
kò ní dáa,NEGATIVE
ọmọ játijàti,NEGATIVE
fẹnu gbó,NEGATIVE
kúkú,NEGATIVE
ẹ̀hìn,NEGATIVE
ìkorò,NEGATIVE
àfiẹ́yìn,NEGATIVE
inú bi,NEGATIVE
ógun,NEGATIVE
toro,NEGATIVE
wéré,NEGATIVE
tewon de,NEGATIVE
tewon,NEGATIVE
olori bu,NEGATIVE
awoku were,NEGATIVE
o gun,NEGATIVE
pàsípaàrọ̀paàrọ̀,NEGATIVE
ẹdun arinlẹ̀,NEGATIVE
ọ̀bàyéjẹ́ẹ,NEGATIVE
kanra,NEGATIVE
á bálú jẹ́,NEGATIVE
rogbodiyan,NEGATIVE
ọrọ ẹyin,NEGATIVE
ko lali,NEGATIVE
tojú sú mi,NEGATIVE
gbá ni,NEGATIVE
ṣawerepèpè,NEGATIVE
olóṣèlúu,NEGATIVE
ete,NEGATIVE
onribi,NEGATIVE
iyán,NEGATIVE
emi e ta kaiti,NEGATIVE
daju,NEGATIVE
ọ̀gbun,NEGATIVE
ọ̀dẹ̀,NEGATIVE
òpònú,NEGATIVE
asala,NEGATIVE
agö,NEGATIVE
ibëru,NEGATIVE
oku igbe,NEGATIVE
rẹ́rẹ́ á run,NEGATIVE
nile ejo,NEGATIVE
takiti,NEGATIVE
ise de torutoru,NEGATIVE
ofintoto,NEGATIVE
da gbere fun aiye,NEGATIVE
akitan,NEGATIVE
leranko,NEGATIVE
ja iwe,NEGATIVE
ko bojumu,NEGATIVE
kúre,NEGATIVE
ṣòṣìmóṣì,NEGATIVE
kóṣì bérò,NEGATIVE
rogun,NEGATIVE
ṣe lásán,NEGATIVE
bú,NEGATIVE
irin boro,NEGATIVE
omo garaji,NEGATIVE
efi ake kori,NEGATIVE
mekunu,NEGATIVE
ba ti jonathan je,NEGATIVE
yo apoti ni idi,NEGATIVE
ohun tí wọn ò tó,NEGATIVE
yọnu,NEGATIVE
ma se fi owo osi juwe ile baba ati iya,NEGATIVE
efon,NEGATIVE
imotara eni,NEGATIVE
ọ̀bẹ́lẹ́kún sunkún láaróyè,NEGATIVE
ọ̀rọ̀ arìnyà,NEGATIVE
ríbi,NEGATIVE
ràrìnfẹsẹ̀sí,NEGATIVE
àdábá,NEGATIVE
wọ́n,NEGATIVE
omolomo laa ran nise de torutoru,NEGATIVE
nise de torutoru,NEGATIVE
pasan,NEGATIVE
bintin lopolo re,NEGATIVE
eewu,NEGATIVE
ihale,NEGATIVE
àìnàró,NEGATIVE
kánjú,NEGATIVE
fi owo osi ju we ile,NEGATIVE
fi owo osi ju we,NEGATIVE
ìyìn,NEGATIVE
lasan,NEGATIVE
iro kabitkabiti,NEGATIVE
ìfòyà,NEGATIVE
ri mabo,NEGATIVE
igunpa,NEGATIVE
forí sọgi,NEGATIVE
pa ipò dà,NEGATIVE
iponrinpongba,NEGATIVE
satani,NEGATIVE
aàrún,NEGATIVE
reyin,NEGATIVE
toju su,NEGATIVE
ráburú,NEGATIVE
orun alakeji,NEGATIVE
daran,NEGATIVE
rógun,NEGATIVE
igbaju,NEGATIVE
igbaju gbigbona,NEGATIVE
sinwon wale aiye,NEGATIVE
eje alaise,NEGATIVE
wu,NEGATIVE
omigbóná,NEGATIVE
gba ẹ̀mí,NEGATIVE
inú ó bí olóko,NEGATIVE
subu,NEGATIVE
subu danu,NEGATIVE
kosowo,NEGATIVE
ologun,NEGATIVE
asegi ta,NEGATIVE
ko bikita,NEGATIVE
imọ̀ tarà ẹ́ní,NEGATIVE
tarà ẹ́ní nikan,NEGATIVE
kainkain,NEGATIVE
yera,NEGATIVE
opc,NEGATIVE
dàgbàyà,NEGATIVE
oku iya,NEGATIVE
ẹ̀dùnun ọkànan,NEGATIVE
apani,NEGATIVE
laalaa,NEGATIVE
egbirin ote,NEGATIVE
soogun,NEGATIVE
oro rirun,NEGATIVE
fi na sori orule sun,NEGATIVE
yahoo,NEGATIVE
ìpamọ́ ọ̀rọ̀,NEGATIVE
ohun àṣírí,NEGATIVE
jẹ́ wá run,NEGATIVE
teru,NEGATIVE
koja ifarada,NEGATIVE
àtunbọ̀tán,NEGATIVE
ran igun yin,NEGATIVE
tu asiri,NEGATIVE
afoju,NEGATIVE
tọkàntọkàn,NEGATIVE
ko ni da fun,NEGATIVE
kíṣòro,NEGATIVE
esin,NEGATIVE
tan ni,NEGATIVE
tan ni pa,NEGATIVE
jono,NEGATIVE
agba lowo meeri,NEGATIVE
moni loju,NEGATIVE
yari o,NEGATIVE
ihooho,NEGATIVE
igberaga,NEGATIVE
enu wa rofu,NEGATIVE
rofu,NEGATIVE
loru apadiawon,NEGATIVE
polio,NEGATIVE
kanminu,NEGATIVE
igbe,NEGATIVE
nparo,NEGATIVE
obe,NEGATIVE
kumo,NEGATIVE
ẹ gbẹ́nu sọ́hùn,NEGATIVE
badiloki,NEGATIVE
ogbologbo,NEGATIVE
omiigo,NEGATIVE
seregun,NEGATIVE
pa ayé run,NEGATIVE
igba iponju,NEGATIVE
jambaeni,NEGATIVE
ìkùnsínú,NEGATIVE
ewun,NEGATIVE
wa rofu,NEGATIVE
iwode,NEGATIVE
iwa aibikita,NEGATIVE
ija igboro,NEGATIVE
ibon shakabula,NEGATIVE
fìlà má wobẹ̀,NEGATIVE
sanle,NEGATIVE
yankolu,NEGATIVE
yoke,NEGATIVE
derun,NEGATIVE
bọ́ọ́wọ́,NEGATIVE
fimú wan dánrin,NEGATIVE
iroju,NEGATIVE
eleyameya,NEGATIVE
elesinmesin,NEGATIVE
gbina,NEGATIVE
daaju,NEGATIVE
jáfira,NEGATIVE
gbófo,NEGATIVE
fi owo osi juwe ile,NEGATIVE
fi idi remi,NEGATIVE
idi remi,NEGATIVE
owo osi juwe,NEGATIVE
ogun oloro,NEGATIVE
ikunle abiamo oooooo,NEGATIVE
yinban pa,NEGATIVE
lábẹ́ gbígbóná,NEGATIVE
ewuro,NEGATIVE
re ìwàlẹ̀àsà,NEGATIVE
ìwàlẹ̀àsà,NEGATIVE
jiyon,NEGATIVE
jẹ wá run,NEGATIVE
pa je,NEGATIVE
jáná,NEGATIVE
luwon,NEGATIVE
àrékérekè,NEGATIVE
ọgbọ́n àrékérekè,NEGATIVE
ègbé,NEGATIVE
àrìnmabọ̀,NEGATIVE
dáná sun,NEGATIVE
ẹ dáná sun,NEGATIVE
lukudi,NEGATIVE
kuna,NEGATIVE
ofin,NEGATIVE
kí kú,NEGATIVE
nù,NEGATIVE
anjonu,NEGATIVE
dana,NEGATIVE
légbodò,NEGATIVE
saare omo,NEGATIVE
tun fee ji awon omoleewe gbe,NEGATIVE
itara,NEGATIVE
àáké,NEGATIVE
ìkókúkòó,NEGATIVE
inú ó bólóko,NEGATIVE
yánnayànna,NEGATIVE
fara pa yánnayànna,NEGATIVE
okugbe,NEGATIVE
olóògbé,NEGATIVE
gbókùú,NEGATIVE
pa á,NEGATIVE
koriko,NEGATIVE
bíntín,NEGATIVE
eeṣin,NEGATIVE
ihoho,NEGATIVE
tina bole,NEGATIVE
afọ́jú,NEGATIVE
ìgbàgbọ́ asán,NEGATIVE
iji ja,NEGATIVE
iji,NEGATIVE
bugbeta,NEGATIVE
ba adebola je,NEGATIVE
fọwọ́ òsì,NEGATIVE
ba ilu je,NEGATIVE
kòókòó jàńjàń,NEGATIVE
aloku,NEGATIVE
emon,NEGATIVE
eranko,NEGATIVE
finá ọmọ,NEGATIVE
àgbàìná,NEGATIVE
ṣépé,NEGATIVE
orí burúkú,NEGATIVE
pòórá,NEGATIVE
igbese,NEGATIVE
gbemii,NEGATIVE
bìlísì,NEGATIVE
afeyin pẹran,NEGATIVE
ru,NEGATIVE
wọn ò lẹ́kọ̀ọ́,NEGATIVE
níbẹ̀rù,NEGATIVE
ṣiṣẹ́,NEGATIVE
ṣiṣẹ́ dànù,NEGATIVE
ngbiná,NEGATIVE
kuta,NEGATIVE
mẹ́mìí kan lọ,NEGATIVE
súnkẹrẹ fakẹrẹ,NEGATIVE
adaba,NEGATIVE
da inu ru,NEGATIVE
eje ru,NEGATIVE
ṣú mi,NEGATIVE
ṣú,NEGATIVE
àìtètè,NEGATIVE
sofo emi,NEGATIVE
danu sigbo,NEGATIVE
olugbafo,NEGATIVE
alo rami rami,NEGATIVE
akúṣẹ̀ẹ́,NEGATIVE
sú,NEGATIVE
koyin,NEGATIVE
ẹ̀rùjẹ̀jẹ̀,NEGATIVE
ntáwọ́ na,NEGATIVE
iṣẹ́ abẹ,NEGATIVE
kù,NEGATIVE
ṣiṣẹ́ abẹ,NEGATIVE
òbẹ́nìkanjà fọwọ́ gún gbogbo ilé nímú,NEGATIVE
òbẹ́nìkanjà,NEGATIVE
dẹ́rù,NEGATIVE
ràrìn fẹsẹ̀,NEGATIVE
ràrìn fẹsẹ̀ sí,NEGATIVE
jìgá,NEGATIVE
olódì mi,NEGATIVE
sán,NEGATIVE
jẹjẹrẹ èjìká,NEGATIVE
àrùn jẹjẹrẹ,NEGATIVE
elétí ikún,NEGATIVE
pàbo lọ̀rọ̀ wọn jásí,NEGATIVE
dèdèrè,NEGATIVE
ìwà aburú,NEGATIVE
kọ etí ikún,NEGATIVE
jọ̀tá,NEGATIVE
ayé le,NEGATIVE
alápatà,NEGATIVE
waja,NEGATIVE
yíbò,NEGATIVE
gbàjẹ,NEGATIVE
tilẹ̀kùn,NEGATIVE
yèrèpè,NEGATIVE
ìgbágó,NEGATIVE
kónílégbélé,NEGATIVE
rojú,NEGATIVE
àṣìpa,NEGATIVE
aijerebi,NEGATIVE
gbígbóná,NEGATIVE
ikuipata,NEGATIVE
tiwa ba wa,NEGATIVE
lẹ́bọ,NEGATIVE
ẹlẹ́bọasasi,NEGATIVE
asasi,NEGATIVE
obo,NEGATIVE
atoku maku,NEGATIVE
amona orun malo,NEGATIVE
maku,NEGATIVE
oní yẹ̀yẹ́,NEGATIVE
so sini lenu,NEGATIVE
sáàgì,NEGATIVE
tọ̀ọ́lé tọ̀ọ́lé,NEGATIVE
ẹkún apọkọjẹ,NEGATIVE
otun,NEGATIVE
ẹlẹ́jọ́ wẹ́wẹ́,NEGATIVE
ile ejo,NEGATIVE
da nu,NEGATIVE
gbówó lórí,NEGATIVE
lewu,NEGATIVE
ó kẹ́ran,NEGATIVE
kẹ́ran,NEGATIVE
ṣàfarawé,NEGATIVE
npa arawọn,NEGATIVE
fipá bá arúgbó lájọṣepọ̀,NEGATIVE
ṣètùtù,NEGATIVE
àbámọ̀,NEGATIVE
yayé lẹ́nu,NEGATIVE
ọmọ ènìyàn kò fọhùn bí ọmọnìyàn,NEGATIVE
bìkítà,NEGATIVE
eku ò ké bí eku,NEGATIVE
ẹyẹ ò ké bí ẹyẹ,NEGATIVE
ìhalẹ̀,NEGATIVE
alarun,NEGATIVE
aditi,NEGATIVE
afojuaditi,NEGATIVE
ẹni ibi,NEGATIVE
àṣírí ń tú bọ̀,NEGATIVE
àṣírí ń tú,NEGATIVE
àdó,NEGATIVE
gbàámù,NEGATIVE
ogbólògbó,NEGATIVE
rúgúdù,NEGATIVE
àhesọ,NEGATIVE
adárúgúdù,NEGATIVE
olóṣèlú,NEGATIVE
da ọjà rú,NEGATIVE
ko o sile,NEGATIVE
gbá wa,NEGATIVE
fọwọ́ bojú,NEGATIVE
opura,NEGATIVE
gbena woju,NEGATIVE
fòfinde,NEGATIVE
kìnínní,NEGATIVE
àìmọ,NEGATIVE
ekún,NEGATIVE
ìjìyà,NEGATIVE
omiyale,NEGATIVE
ifehon,NEGATIVE
shakara,NEGATIVE
oloshelu,NEGATIVE
da gbangba rú,NEGATIVE
mímọ́,NEGATIVE
eegun ẹja,NEGATIVE
sòwà nú,NEGATIVE
àsìrà ojà,NEGATIVE
àsìrà,NEGATIVE
ni wọ́n ń ṣe ara wọn,NEGATIVE
àgùntàn,NEGATIVE
láabi,NEGATIVE
ìfọnáfọnṣú,NEGATIVE
wírù,NEGATIVE
lẹ́yìn,NEGATIVE
ìdìnkú,NEGATIVE
ojú ń tì,NEGATIVE
agberò,NEGATIVE
so sini lenuo,NEGATIVE
sorí àgbà kodò,NEGATIVE
meeri,NEGATIVE
fajúro,NEGATIVE
fajúro koko,NEGATIVE
iṣẹ́abẹ,NEGATIVE
omi dànù,NEGATIVE
mabo,NEGATIVE
iṣẹ́oníṣẹ́,NEGATIVE
ìṣèlú,NEGATIVE
ojú ayé,NEGATIVE
ẹlẹ́jẹ̀,NEGATIVE
ìròyìn ẹlẹ́jẹ̀,NEGATIVE
ja iwe fun,NEGATIVE
iná ń jó,NEGATIVE
nkan mi lominu,NEGATIVE
agbódegbà,NEGATIVE
fọ́daràn,NEGATIVE
paga,NEGATIVE
ọ̀mùtígbàgbéìṣẹ́,NEGATIVE
mekunun,NEGATIVE
lese,NEGATIVE
damuuu,NEGATIVE
arun ebola,NEGATIVE
iwa ika,NEGATIVE
kayin lara,NEGATIVE
onigbese,NEGATIVE
oninakuna,NEGATIVE
gbèsè,NEGATIVE
sufayo,NEGATIVE
alajẹẹn bẹku,NEGATIVE
ré kọjá ewé,NEGATIVE
olosi,NEGATIVE
ojú gbà mí tì,NEGATIVE
gbà mí tì,NEGATIVE
da bini rú,NEGATIVE
aoro,NEGATIVE
ìmọ́tára ẹni,NEGATIVE
ìwà ìmọ́tára ẹni,NEGATIVE
mú wa nígànán,NEGATIVE
lẹ́jọ́,NEGATIVE
ọdẹ,NEGATIVE
fọ́jú,NEGATIVE
ara ò rokùn,NEGATIVE
ara ò rẹdìẹ̀,NEGATIVE
sábàbí,NEGATIVE
da orí ìṣe kodò,NEGATIVE
àìsí ináa,NEGATIVE
yẹ̀ra yín,NEGATIVE
motí yó,NEGATIVE
jera,NEGATIVE
jegudu,NEGATIVE
sinsin,NEGATIVE
afárá,NEGATIVE
sán pa,NEGATIVE
lóminú,NEGATIVE
run igbe,NEGATIVE
lemo,NEGATIVE
ọ̀bẹ́lẹ́kún sunkún,NEGATIVE
ọtí lílé,NEGATIVE
tikuku,NEGATIVE
tipa tikuku,NEGATIVE
kíàtó,NEGATIVE
kù díẹ̀ kíàtó,NEGATIVE
aráibí,NEGATIVE
agbátẹrùu,NEGATIVE
yẹyẹ,NEGATIVE
ẹ̀sín,NEGATIVE
rọ kábíèsí lóyè,NEGATIVE
ìdaṣẹ́sílẹ̀,NEGATIVE
ìgbónsè,NEGATIVE
kaaro oji re,NEGATIVE
tàṣútàṣú,NEGATIVE
iku ojiji,NEGATIVE
bí ẹlẹ́mọ̀ṣọ́ nínú,NEGATIVE
sunje,NEGATIVE
ìyà jíjẹ,NEGATIVE
já siná,NEGATIVE
jìn,NEGATIVE
amulumala,NEGATIVE
agbèrò,NEGATIVE
kò ní rọgbọ,NEGATIVE
ẹ̀fọn,NEGATIVE
ẹ̀fọn burúkú,NEGATIVE
gbàjọba,NEGATIVE
tẹ ojú òfin mọ́lẹ̀,NEGATIVE
tẹ ojú òfin,NEGATIVE
fúlàní darandaran,NEGATIVE
dáràndáràn,NEGATIVE
mú ayé nira,NEGATIVE
gungi kọjá ewé,NEGATIVE
gan pa,NEGATIVE
ko ni da,NEGATIVE
ńfi kú,NEGATIVE
alai nironueje,NEGATIVE
alai nironu,NEGATIVE
jìyà,NEGATIVE
lu pa,NEGATIVE
bii ile aadota,NEGATIVE
jona guguru,NEGATIVE
kọlu,NEGATIVE
eegun,NEGATIVE
bẹ́ oríi,NEGATIVE
láì dáa,NEGATIVE
ta ní jẹ́,NEGATIVE
ja irawo,NEGATIVE
ṣẹlẹ́yà,NEGATIVE
aye le,NEGATIVE
ara galatia,NEGATIVE
enu,NEGATIVE
pose,NEGATIVE
obun,NEGATIVE
elégbò,NEGATIVE
suwa,NEGATIVE
ko derun,NEGATIVE
kọ̀yìn,NEGATIVE
kọ̀yìn sí tia,NEGATIVE
ríborìbo,NEGATIVE
oni jibiti,NEGATIVE
ta mi lára,NEGATIVE
parẹ́,NEGATIVE
ọmọ òrukàn,NEGATIVE
ganpa,NEGATIVE
iwa ojelu,NEGATIVE
sa ladaa,NEGATIVE
oji,NEGATIVE
lọ́ṣẹ́,NEGATIVE
adé ẹ̀gún,NEGATIVE
otoju su mi,NEGATIVE
pasiparo,NEGATIVE
ìmọtara ẹni,NEGATIVE
janra rẹ̀ mọ́lẹ̀,NEGATIVE
padà òṣì ọrùn,NEGATIVE
ète,NEGATIVE
ogboju,NEGATIVE
ogboju ole,NEGATIVE
gbókègbodò,NEGATIVE
níbi,NEGATIVE
jẹ̀b,NEGATIVE
omíyalé,NEGATIVE
omímulé,NEGATIVE
òtútù,NEGATIVE
oga lara mi,NEGATIVE
orí ọmọ míì á ti dọ́ta,NEGATIVE
dọ́ta,NEGATIVE
wà wa dúdú,NEGATIVE
igi oyin,NEGATIVE
gbéná karí,NEGATIVE
pà,NEGATIVE
jẹjẹrẹ ọpọlọ,NEGATIVE
pá,NEGATIVE
eleyi o da,NEGATIVE
ródoròdo,NEGATIVE
hán,NEGATIVE
ó ṣeni láàánú,NEGATIVE
foju tenbelu,NEGATIVE
dabaru,NEGATIVE
talo yan naijiriya je,NEGATIVE
pète,NEGATIVE
gö,NEGATIVE
a gö,NEGATIVE
ẹnu lẹbọ,NEGATIVE
egungun eja,NEGATIVE
bámúbámú ni mo yó,NEGATIVE
alájẹìwẹ̀hìn,NEGATIVE
ajogun,NEGATIVE
opolo yin ti daru,NEGATIVE
gbólóhùn asọ̀,NEGATIVE
bú ramúramù,NEGATIVE
asọ̀,NEGATIVE
npa,NEGATIVE
alatakiti,NEGATIVE
omo alatakiti,NEGATIVE
òbu ẹyin,NEGATIVE
òbu,NEGATIVE
ọmọ ènìyàn ò fọhùn bí ènìyàn,NEGATIVE
ṣá bálábálá,NEGATIVE
ìlú yii ti da orì ko do kò,NEGATIVE
da orì ko,NEGATIVE
mẹ̀kúnnù,NEGATIVE
ẹṣin ò kọkú,NEGATIVE
fi enu ko japin,NEGATIVE
akuri,NEGATIVE
fi enu wa rofu,NEGATIVE
ààrùn jẹjẹrẹ,NEGATIVE
lómi nú,NEGATIVE
kan mí lómi nú,NEGATIVE
nǹkan ṣe,NEGATIVE
koya,NEGATIVE
ara wọn náà ni yóò máa jẹ́ra wọn,NEGATIVE
òbẹ,NEGATIVE
jẹ́ra wọn,NEGATIVE
jẹ gbì,NEGATIVE
kú gbì,NEGATIVE
àáfà alágánnà,NEGATIVE
alágánnà,NEGATIVE
se ara re,NEGATIVE
láàmú,NEGATIVE
òjòjò,NEGATIVE
agbébọnrìn,NEGATIVE
kò tẹ́ wọn lọ́rùn,NEGATIVE
ba omo molebi tabi ara e lopo,NEGATIVE
lopo,NEGATIVE
gbọ̀ndí,NEGATIVE
pénpé,NEGATIVE
abọ̀òṣà,NEGATIVE
àfàìmọ́,NEGATIVE
ìtara,NEGATIVE
ọ̀rún ya,NEGATIVE
àjẹ ìwẹ̀hìn,NEGATIVE
gbọ́nmi si,NEGATIVE
lásinmi,NEGATIVE
gbọ́nmi si omi ò tòó,NEGATIVE
omi ò,NEGATIVE
áwọ̀,NEGATIVE
ẹ ṣọ́ra yín,NEGATIVE
ìjẹẹ̀wẹ̀hìn,NEGATIVE
láìṣẹ̀,NEGATIVE
fọ́wọ́ agbára,NEGATIVE
gbá ọláwálé lójú,NEGATIVE
alágbára ayé,NEGATIVE
ominú kan,NEGATIVE
agbejoro,NEGATIVE
ma danu,NEGATIVE
iléayé wá le koko,NEGATIVE
laibikitaopo,NEGATIVE
laibikita,NEGATIVE
jora,NEGATIVE
ẹni ẹ̀tàn,NEGATIVE
ẹni ègbé,NEGATIVE
pa èèyàn,NEGATIVE
ajeku,NEGATIVE
gbajoba,NEGATIVE
kẹ́gbin,NEGATIVE
mọ́ṣààṣí,NEGATIVE
ojú ti,NEGATIVE
ajọ̀sán,NEGATIVE
ńjá,NEGATIVE
ló ba ìbáṣepọ̀ ìṣòwò orin láàárín fẹlá àti gbajúgbajà iléeṣẹ́ orin decca jẹ́,NEGATIVE
èéfín,NEGATIVE
fara ni,NEGATIVE
ó di gbére,NEGATIVE
forí kóo,NEGATIVE
òkú àkúfà,NEGATIVE
ma ńbí mi,NEGATIVE
inú ma ńbí mi,NEGATIVE
inú ma ńbí,NEGATIVE
jẹun èpè sanra,NEGATIVE
kòbákùngbẹ́,NEGATIVE
ṣíra,NEGATIVE
á ṣẹ dànù,NEGATIVE
ìró,NEGATIVE
lágídò,NEGATIVE
túfọ̀,NEGATIVE
ẹlẹ́nu maàrímàsọ,NEGATIVE
túfọ̀ ikúu rẹ̀,NEGATIVE
maàrímàsọ,NEGATIVE
gbàwìn,NEGATIVE
ó rẹ̀ mi,NEGATIVE
fìyà,NEGATIVE
bára wọn sùn,NEGATIVE
wọ́dẹ́ ń híhòhò,NEGATIVE
híhòhò,NEGATIVE
ṣokó làǹtìlanti,NEGATIVE
bolekaja,NEGATIVE
ja no,NEGATIVE
mi ò gbà,NEGATIVE
pàntí,NEGATIVE
eruku,NEGATIVE
ṣe ni láàánú,NEGATIVE
bá ńbẹ̀ ẹ jẹ́,NEGATIVE
ayé doríkodò,NEGATIVE
omo iran kiran,NEGATIVE
ori yin kuku ti daru,NEGATIVE
ọ̀nà ẹ̀bùrú,NEGATIVE
pa ènìyàn,NEGATIVE
yá ni lẹ́nu,NEGATIVE
tán,NEGATIVE
yibon,NEGATIVE
tipa ba enikeji e lopo,NEGATIVE
ge oko,NEGATIVE
kò ṣe é gbọ́,NEGATIVE
kú sọ́nà,NEGATIVE
payan,NEGATIVE
àkàrá bá tú sépo,NEGATIVE
bólóògùn ìkà,NEGATIVE
ba yoruba loruko je,NEGATIVE
imu danrin,NEGATIVE
ya pẹ́rẹpẹ̀rẹ,NEGATIVE
nse,NEGATIVE
aasa,NEGATIVE
luwon bi aso ofi,NEGATIVE
ayédèrú,NEGATIVE
ojú kò ti àwọn adaríi,NEGATIVE
kó wa lọ́bẹ̀,NEGATIVE
fáàrí àṣejù,NEGATIVE
lowon,NEGATIVE
ewo,NEGATIVE
igbeyawo apapapandodo,NEGATIVE
apapapandodo,NEGATIVE
bárakú,NEGATIVE
gbá wa létí,NEGATIVE
já lọ́rẹ́,NEGATIVE
erun,NEGATIVE
lẹ́kún,NEGATIVE
pa ọmọlọ́mọ lẹ́kún,NEGATIVE
bu ẹnu àtẹ́,NEGATIVE
iléẹjọ́,NEGATIVE
dìí lókùn,NEGATIVE
mẹ́kúnnù,NEGATIVE
wó lulẹ̀,NEGATIVE
ọmọ tí ò mọwọ́ mẹsẹ̀,NEGATIVE
dáná,NEGATIVE
gé orí,NEGATIVE
ko japin,NEGATIVE
ó ga o,NEGATIVE
ogun idile,NEGATIVE
ìhòhò,NEGATIVE
díẹ̀ káòtó,NEGATIVE
kù díẹ̀ káòtó,NEGATIVE
sókùnkùn,NEGATIVE
sókùnkùn birimùbirimù,NEGATIVE
sẹ́bi,NEGATIVE
ohun tí ò yẹ,NEGATIVE
tàn,NEGATIVE
kòtò,NEGATIVE
olódì,NEGATIVE
àjẹdọ́ba,NEGATIVE
ó mà ṣe,NEGATIVE
aláriwo,NEGATIVE
ẹ̀mí bọ́,NEGATIVE
ìbẹ̀rù bojo,NEGATIVE
sun ẹkún,NEGATIVE
ẹ̀mí àwọn ọ̀dọ́ légbodò,NEGATIVE
seni laanu,NEGATIVE
penia,NEGATIVE
ẹlẹ́bọ,NEGATIVE
ẹlẹ́bọèpè,NEGATIVE
ọmọèṣù,NEGATIVE
sọ̀bọ̀dìyẹsà,NEGATIVE
ṣe yẹ̀yẹ́,NEGATIVE
tòrutòru,NEGATIVE
haha,NEGATIVE
fọ,NEGATIVE
fọ àgbọn,NEGATIVE
bara jẹ́,NEGATIVE
àmúlùmálà,NEGATIVE
otútù,NEGATIVE
dana si ile,NEGATIVE
sùmíìtì ètè,NEGATIVE
òrófó,NEGATIVE
mẹ́nu mọ́,NEGATIVE
kó eyin wọlé,NEGATIVE
bírọ́,NEGATIVE
ṣeb,NEGATIVE
ó mà ṣe o,NEGATIVE
jábọ́,NEGATIVE
tanrawa jẹ,NEGATIVE
omiìnira,NEGATIVE
faramọ́,NEGATIVE
alásàsí,NEGATIVE
alásàs,NEGATIVE
kùmọ̀,NEGATIVE
lejú koko,NEGATIVE
àránsí,NEGATIVE
ìfàsṣhìn,NEGATIVE
alákatakìtì,NEGATIVE
àjòjì,NEGATIVE
