tweet	label
@user Banga wani abin cecekuce a hotunan Rahma ba. Rayuwar ta ce, tana da zabin aikata duk abinda ta ga shine mafita a rayuwar ta👌	neutral
@user Sosai makowa man u bata tsoro karawa da kowa, man united we stand 💪💪💪💪	neutral
@user Nidai naje garin da ake noman ka bis 😂	neutral
@user @user @user PLS KISATOMIN TAKALMIN @user KODA WARI DAYANEE 😁😁😁😁	neutral
"@user Wai """"""""duk follow train kukayi"""""""" 😂😂"	neutral
@user Akuma wanke hanu sosai, a zauna agida idan anji yunwa asake wanke hanu.!!! Hhhhhh Our home land Nigeria 🇳🇬 chaii 😂😂😂 @user	neutral
@user 🙄🤣😂toh yanxu wa kuke tsammanin ya baku amsa a matsayinku na iyan jarida?	neutral
@user Tom za'a tsaya da yin jarrabawar kenan🤔	neutral
@user A kanon kuma😟 Labaran da mukeji a Enugu sune har gida😟	neutral
@user Kamun Allah ne..🥰 👌👌	neutral
@user @user za ayi abun kenan....🙄	neutral
@user Babu shugaban kasar da dabiun sa masu kyau ke kawatar dani a kasashen European irin @user sai ta 2 @user #conservative leaders kenn 💝💋😘	neutral
@user Wasu kam sunce sitta sai dai tayi hakuri bana🤣	neutral
@user Wannan ai tsohon shugaban APC ne. Ba PDP ba. Ko sai kun nuna layinku ?😂	neutral
@user 😂😂😂😂🤣🤣haba oga yan daban lafiya	neutral
@user Naira hamsin ma ta isa😕😕garin kwakin ashirin sugar na goma pure water na goma sigari na goma	neutral
@user @user Sugama murnar mutum nawane a kd zasu iya biyan 1k su shiga sinima 🤣🤣	neutral
@user @user Tou su wanne suke a qauye basu da account talk less of BVN ya zaayi dasu? 🤔	neutral
@user Wai me kuka dauke mu ne🙄❗, ta Yaya xaku kwatanta mutumin da ya yi shekaru biyar da doriya da mutumin da ko rantsar da shi ba'a yi ba❗🙄🤔	neutral
@user @user @user Malam aminu Saira mu Munyi predicting abinda ze faru nan gaba aiii,dama kowa yasan Mahmoud Dan Shege neh Toh cewa Zakuyi baban Laila shine babanshi Kaga Mahmoud zeiyi 2-0 babu Sumayya babu Laila 😂 😂 😂 my prediction is soo accurate. isn't it?	neutral
@user @user @user Anayi ina gefe ina dariya😹😂	neutral
@user Waye ya labe sanda binne su har yake fadin shekarunsu🤔😃	neutral
@user Asarar doki, sai sarki✌	neutral
@user A ina kika ji wannan kuma?🙄	neutral
@user @user Muma singles ya kamata mu gwada then 😂😂😂	neutral
@user @user @user Sadau airline zai cigaba da yawo 😂😹	neutral
@user Bai ba da wani abu ba kenan... Abun kasuwa ne 😋😀😂😁	neutral
@user Iko sae Allah!!!! Ana zatan wuta a makera sai gata a masaka.... Abinda ba ruwan ka dadin kallo ne dashi... 🏃‍♂️🏃‍♂️🏃‍♂️	neutral
@user Tazo muji ya😠	neutral
@user Au wai dama har gidan chasu ne da su? 😕	neutral
@user Nace mata Noo ba kai bane wannan film ne 🤣🤣😂😂😂	neutral
@user 😂😂😂 Dan Masara Kenan Ai sai ma ka wayi Gari baka a wurin tukunna	neutral
@user Ita kuma wannan wacece 🤷🏾‍♀️	neutral
@user Anyya buba galadima yanada lfy kuwa 🤔	neutral
@user Mu ai mun karfin a yi mana rana se dai mu yi wa mata😂😂	neutral
@user Hajiah kin biyah kudin stamp kenan. Baba buhari yasa mana kowah sai ya biyah😂😂🤣. Nima da nike qarami basu dagan qafa ba har dari uku na biyah jiyah	neutral
@user Yaro Mai tashe, 😂😂😂😂😂 bokiti yasa waka	neutral
@user Meyace Nikam wlh tin shekar 2020 Nake Bacci Sai 2021 Natashi 😀 daman haka yafada Tom Okay in bature	neutral
@user Toh mizamu Qarudashi Acikin tarihinnasa🤔🤔🤔	neutral
@user Amma ansaki sakamakon zabuka da suka shiryawa kansu 🧐🧐🧐	neutral
@user Hahaha, idan mutum zai baka Riga ka duba ta wuyansa😆😆😆😆	neutral
@user 😂😂 wacce gov. tazo babu su?	neutral
@user Eh ai kanin baban mu ne 😢😢😢	neutral
@user Injiwa kuma a ina😨	neutral
@user @user Kuje chan kui rayuwar ku😐	neutral
@user Da kwado ya fada ruwan zafi ♨️🐸	neutral
@user @user Waya Taba mana Baba Falalu 💪🏻💪🏻💪🏻💪🏻	neutral
@user Ton Dunal Turam idan konayi 👉👂👂yaji jiki yastira	neutral
@user Dukka da euya🥺	neutral
@user Lissafin akanmu yake queen 👸 😂😂	neutral
@user @user Aunty @user harda ke? I thought banda ku ajin jiki😂	neutral
@user Nigeria da saudiyya ai babu Hadi sun fimu cigaba Kuma shugabannin su masu adaline ba masu Son kansu ba😏	neutral
@user shehu Shagari Fah 😥 A Nigeria Ko Million 1 ce Dakai Bazaa Yanke Mah Wuta Bh Ballai Kamar Shehu Shagari Shugaban Kasa Guda Ah Haba Bbc Adai Sake Dubawa Plx😊	neutral
@user Tsalle daya akeyi ake fadawa Rijiya, sai ayi dubu ba'a fitoba🤣	neutral
@user Maya a nemi sana'a domin dogaro da kai🤣	neutral
@user @user @user Mugani a Kasa ba a Talbijin ba😂	neutral
@user Yazo damu bashi aron 👊	neutral
@user Sun matsa, Sulen garo ma kadai ya ishesu..✊	neutral
@user Yayi zaman sa a chan dan Allah 🙏🏽	neutral
@user ...rashin tausayi ne. Ya dauki kanwa kai ba ka dauka ba, kuma kuna zaune, ba tausayi.😜	neutral
@user Sai anyi magana kaji suna #Nextlevel😂	neutral
@user Ba Cinya ba Ƙafar baya🤔	neutral
@user 😀 ina masu neman nashi masu chewa ya mutu toh gashi Ya bai yana	neutral
@user Ya dauka mun manta😂😂	neutral
@user Kai Bayajuda Masu kishin aljahu ko marowata ?🤔	neutral
@user Hantsi leqa gidan kowa😂	neutral
@user Da can basu saka sunanshi bane? 🤡🤡🤡	neutral
@user Ruwa ruwa baba😛	neutral
@user Indai ba tsoro toh adawo mana da PRESIDOR mana naga yanda shi wannan sarkin wakar zai wuf da sumayya 🤷🤷 a zauna lami lapiya.	neutral
@user A maidasu inda suka fito😄😄	neutral
@user @user Abu daya zan gayamai shine yaji tsoron Allah kuma ya sani fa mutuwa dole ce kuma tana kan kowa🤗	neutral
@user 😲 kaga baki ya zama salansa	neutral
@user yace masoyan sa su zabi @user...😂😂😂	neutral
@user Tofah 🤔🤔 Andage dai sai anyi mana abar nanko 🏃🏃🏃🏃🏃	neutral
@user Kaji ance radiyeto wai akafa take😂😂😂😂😂	neutral
@user A gidan mu ne😂	neutral
@user @user Power da aka bah presdo tayi yawa 😔	neutral
@user Makwabcin mai akuya ya said kura👌	neutral
@user Yen yen yen atambayi fuska😂	neutral
@user @user Waya ga casu 😂😂😂	neutral
"@user @user Toh fah inji 'yan magana suka ce """"""""ana wata ga wata""""""""🤣😂"	neutral
@user TAZOOMIJITTA KAJI WANI LBR 🤔🤔🤔	neutral
😂😂😂“@user: Barcelona ta zura wa Madrid kwallaye 2-1 http://t.co/uFonrkZ60D”	neutral
@user Jirgin yawale ta amsa 😁	neutral
@user baxaku gyara ba kenan😂	neutral
“@user: Wasu bama bamai sun tashi a Gombe http://t.co/O4UBrdpHXP”😩 My Home Town	neutral
@user Excuse me yanatan Ina🙄	neutral
@user IPOB dai ba yan bindiga ba!😏😏 ku cire Wannan logo din ta bbc hausa ku maidashi bbc Nigeria kawai 😏😏😏	neutral
@user Mai kwa zamu sane tunda manjo haryanzo ba a kai fishinsa kar shiba balantana musan maku marmu 🤔	neutral
@user Daya tak wanda nake cikinta banda wanda aka haifeni achiki Nigeria 🇳🇬 kasata ta gado	neutral
@user @user Akwai Allah koro??😀😂🤣	neutral
@user Matasan kutare ko km matasa masu lfy?🤔🤔🤔	neutral
@user Hhhh ansha kaya jiya ai bamu iya komaiba🤣🤣🤣🤣🤣🤣🤣	neutral
@user Kaji gidan yayi tsit saboda da alura ta tono garma...Amma ba Dan hakaba da yanxu kaji gidan kaman zai tsage..sai BABA. 👇 https://t.co/FiRsUKdXBj	neutral
@user A tsaya iya nose din dai😁😁	neutral
@user Ko dai auren mutu'a suka yi ne?.😎	neutral
@user Ya rage naka kuma😋	neutral
@user Lokacin da za a dauki yan alfarman yana ina 😡	neutral
@user Duk wanda ya ce miyar kuka ba ta da dadi wata kila ta gidan su ce ba dadi 🙅🏾‍♂️	neutral
@user BBC me kuma ya faru?? 🙆🙆	neutral
@user 🤣🤣🤣🤣 kayi Abinda kayi dai	neutral
@user Aikin gama ya gama🙅‍♂️	neutral
@user Dama kin iya turanci.....🤣😂	neutral
@user Yaya Dan Kwambo wallahi sai na Kure ma gudu 🤣🤣🤣🤣	neutral
@user Rikon kwarya barca ta bata Zata sakko ne 😂 bari Messi ya dawo.	neutral
@user Tom Anfara daukan manya😳😳	neutral
@user 'yar uwa kar ki manta in babu mutuwa akwai tsufa🙆	neutral
@user zazzau sai an gama karanta littatafai 📖📗📚👌🤓	neutral
@user Harna Tina da great Wall🤧🌚😂😂	neutral
@user Gareka Shugaba @user da kuma hukumomin @user da na @user lalle akwai sauran aiki a gabanku 🤣🤣🤣	neutral
@user Ƙarshen duniya ne ai! 😫😫	neutral
@user Nikam kasuwa zan koma chan inyita fafatawa da kwastomomi lol😂😂😂	neutral
@user @user Ba'a gani ba Hajjaju,30 muka dibo😂	neutral
@user Nima akwai abinda na fita😀😀💪	neutral
@user 🤣😂🤣😂 @user akwai ku da abin dariya	neutral
@user Babu abin da ya samu kwakwalwar sa ,mu dai kara hqr kuma mu ci gaba da wanke hannu😂😂😂😅😅	neutral
@user hmmmm ya nabada gaskiya ne Kawai🤔🤔	neutral
@user @user @user @user Haha IDAN DA A QAUYE AKA HAIFE KU DA YAYAN TARA TARA YANZUU 🤣	neutral
@user 😂😂😂😂 ya za ai su dawo?	neutral
@user @user Kamar wani @user Ha 😂 Ha 😂	neutral
@user @user Gaskiya mudai baba badaru yace mazan mu suje idi don haka ba wannan zancen a nan🙄	neutral
@user @user 😂😂 Ashe kuna hannun kenan 😂	neutral
@user Tambaya ☝ Shi usman dake karkara kumafa miye matsayin sa? Domin Alamu dari bisa dari sun bayyanawa duniya cewa yanada wata boyayyer manufa, dan bazaiyi wannan zaƙewar abanza ba	neutral
@user Tura taya 🌚😁 yaran yanzo yen gayu neh sai skooter, ko skateboard	neutral
@user @user Chief of AIR staff, AIR Marshall Sadiq Abubakar yayi nasara akan wassu yen ta’ada a borno yau. 🙌🏾	neutral
@user Hehehe saikace wani tallen zobo wai kwantai😄	neutral
@user Wasan da. Nike ganin zai janhanka. Masu kollo shine 🔆. Wasan. Juventus da Tottenham. Dan. Za.a.bata.kashi..of 👌. Madrid Club	neutral
@user @user @user Wai a cire kayan aiki 😃😃😃🙈🙈	neutral
@user Abun haryakai ga haka😂😂	neutral
@user Shima Baban namu yau ko gobe zai sa 😀	neutral
@user Kawai ne ma? Ay yasauka shine😎	neutral
@user @user wai Kai ba fitacce bane 😂😂😂	neutral
@user Wannan Zakzaky ne yake jin Radiyo😂	neutral
@user Ba rami mai ya kawo maganar rami🤷‍♂️	neutral
@user ....tohm shikuma dan zango daya koma lagos da zama waye zae karasa mana #basajagadaga ..... Abeg help me ask hiim kodae mu cire rai neh kawae😢 @user @user @user @user	neutral
@user Tau fah😲 Yamaida kanshi or sukamaidashi?	neutral
@user Kae Jama'a ! Wannan wanne irin magani aka basu haka kamar walkiya.🤣🤣🤣	neutral
@user Kuyi mani yabani inajin Ku😪	neutral
@user Ai dama chan yayi kama da.... 😀😀😀	neutral
@user Allah yasa mutanenmu su gane cewa duk yan siyasan kasanan irinsu dayane,bukatansu kawai sukema idan basu samu ananba sai kaga sun koma cen,ko idan bakatansu bata biyaba ko sun hango zata bare,to yanzu zakaga abokin gaba ya zama dan uwa fact👌👌👌	neutral
@user An miki make up na zuciya kenan🏃🏃🏃🏃	neutral
@user Kaiiii kowa mah yayi shiru ga sarkin yakin rahma yazo 💪💗😎🚨🚁🔱	neutral
@user Saboda sunkara kulla alaka da Isra'ila ko 🙄	neutral
@user Mi ara koma baya 😁😁	neutral
@user Tuwon girma, sai ankashe rayukkan kaji😂👍	neutral
@user Saura makwaftan mu Nigeria 🇳🇬 suma ya kamata susamar da tasu kuma a fara gwadata akan baba manjo dan daura 😁	neutral
@user @user Shiga ah haka oga 💡	neutral
@user Lallai Sun dau Selfie mafi tsada.😲	neutral
@user Ta yaya za mu sani🤔	neutral
Marylyn Ogar are you next ? 👀“@user: Colombia: An daure tsohuwar shugabar leken asiri http://t.co/i9AcpynkVH”	neutral
@user Gara mai rowa, sai kasa rai akan abun hannushi zaka dama 👌	neutral
@user Toshi da awwa😂😂?	neutral
@user Ancema ran Juma'ah tashin duniya 🙄🙄	neutral
@user Ga tsoro gakuma bantsoro 😂	neutral
@user Me hana giwa bacci @user 😁😁😁	neutral
Finally 🙉 “@user: Dakarun Nigeria sun kwato garin Gujba http://t.co/yTeyyNx4IR”	neutral
@user To megida how about us? Komu base angaishemu ba?🙌🙌	neutral
@user kanwar duba rudu 😅🤣	neutral
@user Wasu daga chiki😄	neutral
@user Ashe kinsan waye king 👑	neutral
@user Kaji wasu mayu fa🤦🏼‍♂️🤦🏼‍♂️	neutral
@user Ana ta diban palliatives bayanan💔😥	neutral
@user An gama haska mata a zazzau kenan😂	neutral
@user Kaicho, wadda bata cikin yabo😥	neutral
@user Toh fa! 😯 Akwai sauran aiki kenan.	neutral
@user Gwamnan jihar Adamawa ya bai wa waɗanda suka sace kayayyakin abinci a jihar wa'adin awa 12 👉 https://t.co/9usASDF4g5 https://t.co/mxHLBIPTmB😁🤣😄	neutral
@user Gari zai shakeka😂	neutral
@user 😖😖Gaskiya da mu munana ne	neutral
@user 😆😆😆😂😂😂 toh laifi yayi kenan koh me?	neutral
@user Ina gaiyatarsu ranan daurin aurena 😂	neutral
@user A gani a kasa ba fda a bake nima xa eya cewa ba wanda y esa y taba ni en dai wanan maganar ci baba kowana banxa a gare xai eya buga gerji y fda 🤷🏽 Shekara nawa ana mgna 1 mu gaji da eri mganar nn muga change da k ki mgna 👌🏾	neutral
@user Maganar CIKI tafi komai 😂😂😂	neutral
@user A wacce Duniyar kuma🤔🤔🤔	neutral
@user Aunty Ramatu Wai Mukam Yaushe Za'a Kawomana Mati a Zazzu Minna Ne. Komadai Mucire Rai. ? 😀	neutral
@user Kenan yana nupin sun kusa fara shiga Abuja 🤔 🤔	neutral
@user Zamada madaukin kanwa shike kawo farin kai 🤔	neutral
@user Da kun kawo mana ai, ruwa 100 degree babu abunda ya bari😂😂😂😂😂😂😂😂😂😂😂😂😂 Wane shekara ma akayi bird flu, ance lokacin ko karya kashin kaza baayi a kasar mu🥲	neutral
@user Taska wai so kukeyi sai mun mutu ne kafin a ci gaba da gidan badamasi.... MUN GAJI DA JIRAAÀAAA😭😭😭 Ko a dawo ko muyi zanga zanga mai karfi🔥🔥🔥🔥	neutral
@user Ina ga irinta😥🤔	neutral
@user @user Ba gudu ba ja da baya yin Hijirar yan Kaduna daga KASU 😂😂😂	neutral
@user Anfara fa @user ke ake jira ki fito 😎 https://t.co/N7QRReq0LS	neutral
@user 🙄 Kuce gobe zamu fice daga 🇳🇬	neutral
@user Anya Mai kula da wannan kafar ta @user ba dan shi'a bane kuwa🤔	neutral
"@user @user Taska🤣🤣🤣once said """"""""mun amince"""""""""	neutral
@user Koh dai Dan Nigeria yaje chan😂😂	neutral
@user My man Bello had to sub tsohon sanata..... Kai jamaa 😅😂	neutral
@user Najeriya ɗin mana😂	neutral
@user Bukatar maje hajji sallah,yasha ruwan zam-zam da bagaruwa ga Kuma dabinon ajwa😋,sannan zk iya zuwa da yaji sbd akwai dajaja bayan Kuma kachi sai ka kora da madara mai sanyi 😂🤣😂	neutral
@user Miye shedunku nachewa anbude masu wuta 🤔🤔❓	neutral
@user Marsala ma sai kun kori messi ma tukunna 😂😂 Hala Madrid 💪	neutral
@user Lol... Watsi kam..... 😂😂	neutral
@user Kokuma kin dawo daga siyan kayan lefen yarki bah 🧳🧳	neutral
@user Chi muje gida @user 😁😁	neutral
@user @user Wai wait. Maganar case din @user da @user bai tabbata ba kuwa imagine how she hug @user at the first pic🤔	neutral
@user Wacece haka? Wacece Rahmat Sadau?🙄🙄 Ku Mana bayani akan @user don na santa please.	neutral
@user Tashen akan sabon Allah? Toh meye abun burgewa a ciki??💔🤦🏾‍♂️	neutral
@user Ba xaka masa kara ba😂	neutral
@user Buhari 9 atiku kuma yabar club din😂 #AtikuBusted #PEPT	neutral
@user Abun da bazan faba mantawa da shi ba she ne halin da duniya ta tsinci kanta aciki😭😭😭	neutral
@user Amma Boda ba akulle takeva🤔🤔kodai ta huje ne?	neutral
@user Zama ku fadi mai kamshi.....🙄🙄🙄	neutral
@user Aa gara a barta presdor yayi maganinta kawai 😅	neutral
@user Kuma kai ma baka isa ka san mai ke wakana a cikin ta ba 🤷‍♂️	neutral
@user Dama akwai majalisa a Najeriya 🤔 🤣	neutral
@user 😂Yarannan na twitter bakwaji wallahi daga cewa ta raba kafa kuma saiku canza zance haba kukuwa a neman kudintafa suke nufi ga harkar film ga kuma kasuwanci.	neutral
@user Me dashen gidan tsuntsu😂😂😂	neutral
@user Lallai ayi hatara 😎	neutral
@user Yaja Daloli a dukkan alamu. 🤣🤣🤣	neutral
@user Wannan maganar maxa ce bari muja gefe 😸	neutral
@user Kowa zai girbi abinda ya shuka. Kuma shukar dakayi ko ka mutu za,aci gaba da bata ruwa😁😀	neutral
@user A wajen Qabilu?? Mu AI kullum dama ranar Hausa Ce tunda ita ake yi a Dambatta. 😋	neutral
@user Sadau wai yaushe xaki sakar mana mati a zazzau ne mu kallah 🙏🏼	neutral
@user Karshen ta da eyakah.....😊	neutral
@user Ajiye mana sukayi sai mun kara girma ?🙄	neutral
@user Lolz😄 ta aure shi ko ya aureta!? BBC hausa una no get news again 🤔! Haba since last year!	neutral
@user Menene dalilin dayasa idan yaci riba bakwa gaya mana sai Dan ya fadi wannan Dan karamin kudin kuke fada mana😒	neutral
@user Suma sun biyo layi kenan😳🤔	neutral
@user nawa aka rabawa masu zaɓe? 😅😅	neutral
@user uhmm lallaima wannan aikin haka 😍😍😍	neutral
@user 😂😂😂Akwai mangwaro ko agwaluma my mai ciki dey need it	neutral
@user Su ba ruwan su da covid-19 ne 😂🏃🏃	neutral
@user Hutu ya kare kenan😂	neutral
@user @user Ko shine yayan namu😁	neutral
@user @user wow ga dama tasamu fah gaskiya kamata yayi inje nima a maqalani 🙈🙈	neutral
@user YOO SHI VPN BA A IYA KATSE SHI NE 🤣🤣🤣 YOO GAMU A TWITTER DAE	neutral
@user Bama buqatan saninshi 🙄	neutral
@user Ki shekara 2500 aunty 💕	neutral
@user Ni kai na akwai wata rashin lpia danayi tare da mage (cat 🐈) dita mukayi jinya ba ci ba sha 😂	neutral
@user Dama Manya ma suna fada😅	neutral
@user @user Faranta ran su waye🙄	neutral
@user Hakan shine dai dai domin hakan nabada dama tada zaune tsaye ✊	neutral
@user To BBC ai sai ku daure ku gaya mana irin waɗannan matan a Zaria ake samunsu ko a Kano don mu san anda zamu tai biɗan aure 🤔	neutral
@user Iko sai Allah yaushe itama da wadata kanta da wutar lantarkin 🤔	neutral
@user Dan ALLAH wajen daukar azimi wace irin addua kukayi inajin dai kowa cewa yayi salasina yauman au tis a wa ishrina yauman 😄😄😄😄😄so let's achieve it kawai	neutral
@user Wai Da Kayi Magana Sai Ace Maka #Independence_Day59🇳🇬 Ba Independent Ba Wollah:💥 Dependent Din Ma Tace.......🤣 #arewa #arewaweddings #arewabride #arewapeople #arewafashion #arewafamily #arewawedding #arewabeauty #naija #naijacelebrity #preweddingnaija #hausa #hausabri	neutral
@user Wato ba a taba susar data farantamin rai irin wannan ba🤣🤣madallah baba ganduje	neutral
@user Dama ba’a daina ba 😂	neutral
@user Ayyo! Ashe yasan kunya😂	neutral
@user @user @user Toh amfanin GPS kenan, an hango location. Saura delivery kawai.😂	neutral
@user Yaushe zaku haskamana shi a nan katsina ne tunda bama kano 😢	neutral
@user #Askrahama baki amsa tambaya ta ba🙄	neutral
@user A'a tana yawon buɗe ido ne 🙄🙄🙄🙄	neutral
@user Zakuje jana'iza ne😂	neutral
@user Ahh wannan sai ku tambayi Nasiru zango😂	neutral
@user Su Kaduna an fito a jerin guraren bude ido💃💃💃 Amma ni da je Kaduna banda masu soya kosai da doya Allah bai nuna min komai ba	neutral
@user @user wannan ai yaren 'Yan Tasha ne😂	neutral
@user @user Ana magana dakai🚶	neutral
@user Shiyasa koda yaushe suke shan ci, sbd da busasshen tungande suke miya😄😄😄	neutral
@user Yayiwa rabbu yadawo sokoto wurin SULTAN OF SOKOTO🙏😭❤🔐	neutral
@user @user Baba, ka tuna cewa talakawa ne Suka kashe kudaden su domin su ga ka shiga mulki don kayi chanji Mai kyau!😭 Talakawa na kuka baba!	neutral
@user Please someone should translate to English... hausa na bai Kai haka ba😂💔	neutral
@user A matsayina na member na #stingymenassociation of Nigeria inason zama damai rowa. Ci naka inci nawa ba laifi bane😎	neutral
@user Nidai nayi bude baki da gasashshen Dan wake😎	neutral
@user Jiya naji wannan lbr a fcbook ban yarda ba amma yanzu NA aminta hmm Nigeria kenan kasarmu ta gado🤔🤔	neutral
@user 🤣🤣🤣 Sae a gyara zama a gida anaemi ruwa da sabulu a hada da sinitiZer Aunty coro on duty	neutral
@user BBC mutanen mu😂😂	neutral
@user 250k tashin farko😂 Yar minister.	neutral
@user Fam daya ko fam Miliyan daya? 😂 😂	neutral
@user Hehehehe saura NASA mukai dubu Dari har na kagu inga munkai dubu Dari 😂💃	neutral
@user Kashiga hannu kenan 😅	neutral
@user @user Ayi dai mu gani.....en nanaye🤣🤣🤣	neutral
@user @user Ina buƙatar agajin gaggawa! 😭😭😭😭	neutral
@user Back to school then. Ilimi bashi da karshe💧💧	neutral
@user Yanda mukasha jiya😂	neutral
@user 😄 Allah Sarki! Bari da Biba ko ana ina yanzu?	neutral
@user @user zo ka tafi da admin dinnan naku 😂	neutral
@user Ya Amshi rabo nai 😂	neutral
@user Daga baya Dai gaskiya ta fito fili🤣🤣🤣🤣	neutral
@user Tafiya....... Maganin Gari Mai Nisa 🏃‍♂🏃‍♂	neutral
@user Sbd ba wajen sallah bane🙏🙏🙏	neutral
@user To kuma meye huruminku? 😒	neutral
@user gobe zamuyi tamu😂	neutral
@user @user Kwarrai da gaske 😁 https://t.co/m78C618EeY	neutral
@user Ai dama muna jiran haka. Lokacin da yazo emergency rescue na election a kano ya zata kanawa ne kadai zata shafa. Gashi yazo kanshi😂	neutral
@user halo me nayi kuma? Cydm. 😇	neutral
@user Za'asha browsing, wasu da yawa baza su maida hankali kan aiki hajj ba 😔 😔	neutral
@user 🤣😂🤣 sai an cire kaya	neutral
@user Kadan aka gani😁	neutral
@user Matar driver ta haifi tayar motah😂	neutral
@user Jira yake iyayen gidansa su saka mata kudi👿😈	neutral
@user Kutama dai tamu ta Hausa? 😂	neutral
@user Lallai tattalin arziki yakai ba da gudu ba🤣🤣	neutral
@user Sai a gida kenan lallai babu Mai hana musha gaban iyayenmu to 😂😂😂	neutral
@user Kun yi kidanku, kun yi rawarku!🤔🤔	neutral
@user @user inaga @user zai samu lasisi kenan very soon 😂😂	neutral
@user Yo su mayi na shinkafa da miya mana...Ina anfanin wannan yanayi😏	neutral
@user In anyi zaben gaba ,sai muga yazai🤣😅	neutral
@user Inda yan arewa ne da tuni labari yasha bamban 😈😈😈😈😈😈	neutral
@user Zubu da shayi, idan ma kowa yaki shi zai ansa😄	neutral
@user Iyakarmu na mujiya👀	neutral
@user A Ina zan Samu number ta pls 👏👏👏	neutral
@user Kunga abinda ta jawomana ko 😭😭😭 https://t.co/VTtCiuGrg3	neutral
@user 😂 😂 😂 Kamata yayi ka Jura sunan ka zuwa Trump Adam Sandler	neutral
@user Su yo tanan dama mae garin baya nan😅😅😅	neutral
@user @user @user @user @user @user @user @user Maybe Yana fama da buga katin bikin sa.😂	neutral
@user Ohhh sai yanzu suka gano ta dalilin minor thing? 🙄🙄	neutral
@user Amma A Wannan Hoton Ai a Hannun Hagunsa Yake 🤔	neutral
@user Nace kun sake jin yace yana son aiki 🤣🤣 kun sake ji 😎	neutral
@user @user @user @user @user @user @user Na tambayi @user ina jiran amsar sa indan shima yace bai sani ba to zance #BAZUKA ya tambayar min Kai Don kasan Karon ku dashi 😂😂😂	neutral
@user Yo ai mukuma bamusan matsayinka ba 🤷🤷	neutral
@user Yauwa gobe kmar haka baki bude yake🐒😍	neutral
@user Sarkiin sakwato mufa Baqaqe ne ba Farare kagane 🤷‍♂️	neutral
@user Tuwon girma Miyarsa nama 😂	neutral
@user @user a haka kake cemin nabi., never 😫	neutral
@user Saura na kasar nan ta yamma ga Chad 🇹🇩	neutral
@user A nemo ruwa da sabulu 😁	neutral
@user 🤔 Toh pha Ana wata ga wata 😇	neutral
@user Wan nan da oga at the top kike bari yajiki...🤣😁	neutral
@user Yaya dankwambo zai fito dashi😃😃	neutral
@user to wane irin chatting, text ko voice note kokuma video calling ko kuma group chat? 😂	neutral
@user Yes oo Ko mu hada ki dashi ne 😜	neutral
@user Nawa za avan nima Mun gaisa dashi Da yasakko😁	neutral
@user Karka sa ta korosji waje, 😁	neutral
@user Ƙahon fara🐝 kenan, sbd bai da amfani	neutral
@user Tohh aidama yace😋😎😎😎🤬 shi legas zashi tunfarko , hakayace 😮👩‍✈️👨‍✈️👩‍🏫👩‍🍳🧝‍♂️🧝	neutral
@user Idan Baka Saketava Mexe Farune?😒	neutral
@user A shirye yake✌	neutral
@user @user Me zaki iya cewa game da wanda yayi releasing videon da kuma wacce akayiwa ?🌚 https://t.co/H3cmFNO3ns	neutral
@user YDG Daura Photo Ko Rubutu, a internet Zai Iya Shafar Rayuwar Masu Shawar Siyasa, She Dace Ta Gane Mutum Nagari Ko Lalace ce 😆😀😫😪😝😜	neutral
@user Mufa mun gaji da xaman gida muna ta wanke hannu ya kamata kaema kabi duniya a sannu ka dawo mana da #GidanBadamasi 🤣😂🤲	neutral
@user @user Abinda ya kamata a gano kenan🤔🤔	neutral
@user Ya ka kiyaye gaba.🙏	neutral
@user Yafi Kam inason sayo Benz dama🤸🤸	neutral
@user To wai Dan Allah ina ake kai kudin da ake karbowa bashi din ne? 🤔🤔	neutral
@user Gurin NCDC a sake rufe mu ko?, toh mi ake jira?, suma watarana sai labari, sai an wayi gari abunda suke mawa wanda suke samu babu🙏🙏🙏	neutral
@user Ni nigerian ma state 4 kawai naje Adawama Taraba Gombe Bauchi🥴🥴🥴	neutral
@user 😅😅😅🤣🤣 Shinkafa kowa yaganki ya tuna manjoo.	neutral
@user @user Wannan gaskiyane wasu yan fim A wannan gun anacimasu karansu bababbaka da sunansu🤔🤔🤔🙄	neutral
@user @user Inna network yadawo zanji 😂😂😂😂😂😂	neutral
@user Tatsuniya kamar yadda aka saba.😄	neutral
@user Lol za.a rufe ne lokaci kadan nan gaba 👌🤗	neutral
@user 1. ATM: Cartin Zare Kudi daga Babur na Kudi 2. POS: Babur na aika, siyesiye da zare kudi 3. Data: Nau'ran shigan iskan duniya 4. WhatsApp Status: Wajen rubutu da wajen kwallo na WhatsApp. 😎	neutral
@user Tsakaninka da Allah in akabaka miliyan 10 zaka auri rahama sadau 🖕 ? retweet and like danjin raayin wasu. Ni dai banda ni mun raba gari 🙅🏽 https://t.co/oUm2sts3FZ	neutral
@user Me kika tanadawa mutanen da suke dole sai sun fita sun nema suke ci?😭😭😭	neutral
@user Tanaga mai kumatu😂	neutral
@user Pls @user merh nene ma'anar MAZAKUTA saboda bansani bah 🙏🙏	neutral
@user Ni Nafison WhatsApp dinma da Najeriyar 😏	neutral
@user Sabida kawae sunfi karfinsu🤨	neutral
@user Wato suka akwai almajirai kenan??? 🤔🤔🤔🤔	neutral
@user Karin magana ne ko da gaske?😆😆😆	neutral
@user @user @user @user @user @user @user @user @user Haha 😂 Haba Oga. Mey mukayi?😂	neutral
@user @user Dan Allah muma a taimaka mana ko $1000 ne ma😥😥😥	neutral
@user Sai ammusu ruwan 🔥 tukunna	neutral
@user Haka ake kullum😂😂	neutral
@user Kaza kuma Bbc Hausa 😲🙄	neutral
@user Ku bamu ajiku cikin duniya musha shagalin mu cikin dunia kunsan Ba'a kida lahira..... Kunsan ranar tafiya lahira ku tabbatar babu xama dunia. 😭	neutral
@user Yaushe Zamuga Aurenki Yaya 😍 #AskRahama	neutral
@user A dai kara duba wa 🙏🙏🙏	neutral
@user uhm, dafatan dai ba wani KO wata ce ta chi amanar ki ba?😀😀😀	neutral
@user Akwai Gaisuwar Korona a Vila amman inaga babu itah a jahar Edo 🏃🏃	neutral
@user Wannan irin lamari na Corona virus kam sai addu'a kawai. Mu namu daban ne dana sauran kasashe. 👌👌	neutral
@user Duk su gama ni zai bawa🙏🙏	neutral
@user Kai na gaji... Kukuma bbchausa mene alakanku da larabci oho! Yau tsiwa nake ji💔💁🏼‍♂️	neutral
@user A tambayi Kwado🐸	neutral
@user Ance MATI A ZAZZAU Amma Ba’azo ZAZZAU Din An Nuna Mana Ba Guy Why?🙄	neutral
@user Sauran ma sun gaji su miƙe. 🤨	neutral
@user Subhanallah 😥 shi kuwa me yake nema a duniya?	neutral
@user Amma idan sungama da boko haram koh??🙄🙄🙄	neutral
@user @user ga rariya Wai zasu Baki shawara😂😂😂😂, https://t.co/Haq9Y1e0Iy	neutral
@user Aunty Barcelona don beat us again fah 😭😭😢 ban yafe bah	neutral
@user @user @user Oga Kamar fa ada kenan, naji wai anyi wa Messi saban yanka, ya koma Miss-Penalty.😂😂😂	neutral
@user Akawai kunyar katshe 😂	neutral
@user Dan girman Lagos da yarabawan cikin ta Dan mutuncin jirgin sama awajen Dan kaunar da kake talakawan Nigeria 🇳🇬 baba Kayi hakuri	neutral
@user Tabdi. 😭😭 Bacellona, Gaskiya Akwai sake your Excellency.	neutral
@user Ku kirashi a waya mana. 🤔	neutral
@user A 1885 lokacin muna yara anyi wata guguwa tun daga New york har Oxford muka tafi akasa😁	neutral
@user Pls indai sumayya na koma wa soyayya da mahamud ka Gaya mun bazan Kara kallo ba? 😄😄	neutral
@user Wallahi na katanta yafi sau biyar na zata kodan daga bacci na tashi ne😊	neutral
@user Kai dalla ku sallame mu muna muje hutun Twitter 😌😌😌	neutral
@user Amma dai tayi dauki hoton ko😂😂😂	neutral
@user Liverpool bata damu ba saboda ta riga tachi cuppi 😂	neutral
@user @user @user Gane mun hanya dai baba☺️	neutral
@user Toh shiga saro ba shanu , kuji da naku mana🙌🏽🙌🏽	neutral
@user Amaryar da kenan kota zamani 🤔	neutral
@user Aku kuma bakin ku a bude.😂	neutral
@user ALLAH SARKI MADRID BA WAN BA KANIN 😂	neutral
@user Yo ai tun anan ya kada ka😂😂😂	neutral
@user Ana wata gawata 😠	neutral
@user Wata sabuwa. Maaga wannan Almaraa.🙄🤔🤔	neutral
@user Koba dubu dari ba 😏	neutral
@user Ya danganta da yanda aka koyar da zuciyar🤷	neutral
@user Hakan na iya wuyyuwa a kasar mu🥺🙄?	neutral
@user Ai Kamar Dan najeriya ne ahalinda yake ciki yanzu kaga muma dole mutuna badi 🤔🤔🤔🙆🙆 https://t.co/eJgOgjJsAN	neutral
@user @user @user An gama Oga. Ban zai kara irin wannan wasan 😂😂😂	neutral
@user Anayi babu sabulu 😎😎	neutral
@user Akwai wani a kwanar gidanmu wallahi dan Allah su fara ta kan shi. Dama babu nisa daga HQ din Hisban 🤷🏾‍♂️	neutral
@user Ya baza ku dinga sa hoton yan bindigan ba sae wanda suke qoqarin maganche abin???😡	neutral
@user Malam Ali saide an bud'e kasuwannin a yau🤔	neutral
@user Nidai natafi kasuwa nah.🚶🚶🚶	neutral
@user @user Bamuyi😎 kae mallam idan kana fitarwa ka fitar bamuson solo	neutral
@user Muna Jira Prince 🤴	neutral
@user Hhh 😀 abun dariya kuce Mana mu Kara share waje a gida Jen iyayen mu ba lokacin komawa kenan	neutral
@user Wadammi iri daga cikin 'yan Nigeriar? Dan Allah mu tambaimin shi🤔	neutral
@user Take care nan fah ba Instagram bane da zaka fara yi mana talla da yawa tax xaka fara biya 😅	neutral
@user @user Toh fah😂😂 Adei sake dubawa kila kuskure ne.	neutral
@user Wallahi BBC kuma Yan comedy ne 😀😀😀😀😀😀 Waye kar ka tacciyakuka	neutral
@user Sabi da saniyar😅😅😅😅	neutral
@user Baza muyi maka fatan tsiya ba, neither baza muyi maka fatan alheri ba kuma😒	neutral
@user 😹😹kuma kutara kayanku ku gudo kasar musulunci kada ta kamaku	neutral
"@user 🙆🙆 what!! Ba""""""""kin gida😜😜"	neutral
@user Abun ba magana😂	neutral
@user Rahama you Tasha😤	neutral
@user @user @user Nake jin dalilin da Umar ya yi tambayar yaushe zan zo kenan. Barbecue loading 🙌	neutral
@user Angani a duniyar mars ma 😂	neutral
@user @user Ana sonku kuna son wasu. Najeriya kenan🤣🤣	neutral
@user Ban gane. Wannan Hausar ba. Million 4. Kodai. Idanuwa nane 😢😥	neutral
@user Ina fear yake yanxu??🙌	neutral
@user Duk hoton da yakeda shi sai Wanda yacimu zakusa 😠😠😠😠	neutral
@user Ko ba Neymar sai an lallasa Fifalona😀	neutral
@user To ba sabon ba 😂😂😂😂	neutral
@user @user @user @user @user @user Babban Director a taimaka a fara saka mana wadanda aka gama dauka, ba dole sai kun gama baki daya ba, domin wlh munyi missing din smiling dinmu sosai.😂	neutral
@user in Dan wanna ne bashida matsala mudai Abarmu mushiga Yawon bude idu 👀👀👀	neutral
“@user: “@user: Wani Fanta din ma sai an zo arewa” Arewan ma Kano😂”Wallahi kuwa💃	neutral
@user Ni wlh na Daukama Sadakar Yalla ce 😁😂	neutral
@user TASKA kenan Tsuliyar labari komai ma zakaji 😂	neutral
@user Ta hanyar rabawa kowa Apple Watch ⌚️ series 4	neutral
@user Yakamata yasan cewasu makiyayan yan'kasane kuma daga cikin dokar kasar akwai (right to freedom of movement) saide indan sunyi masa abunda baidace ba ajamusu kunne 👂👂	neutral
@user Mai haka Kuma? Kudai Komai Mai ma Labari me 😠	neutral
@user Taska ka bude kofannan nace 😤 Kaine bazuka? 🤣😂😂	neutral
@user @user @user Ina Labarin DEEJA, da HABU, ko a wace Duniyar Suke?🤔 And then kuma haryanzu ba afidda mijinta ba acikin LABARINA, Nidai Nasan tsakanin LUKMAN da MAHMUD Babu Wanda SURAYYA zata Aura a cikinsu.	neutral
@user A hadan mata da bulala Goma 😂🤣	neutral
@user Ganduje maganin su kuli kuli 😂	neutral
@user @user duniya kennan. I remember my mom watching this Ina Dan kankani😂😊	neutral
@user Tana ga mai Kudi 💪💪	neutral
@user Rahma Mama tace ki saka Dan-kwali 🤣 https://t.co/bdoGulzrt7	neutral
@user Da kun bishi ayy se ku hadu ku wanke tare😂😂😂	neutral
@user Mai jin shawara ake ba wa shawara 🤷🏿‍♂️	neutral
@user Kamaye ya auri kyauta dillayiya, Bawa mai kada zai auri Rayya, yanzu Mahmud yana soyayya da Laila. Arewa 24 suna so su nunawa duniya maza maciya amana ne😭😭😭	neutral
@user To meye Ribar Hakan a wajen musulman Duniya🤷‍♂️🤷‍♂️	neutral
@user @user Mr Ngige na kwadago 😂	neutral
@user Sa’ah ce kowa ke nema kanka ☹️	neutral
@user 1: Na'urar cire kudi 2: Naurar biyan kudi 3: kudin shiga yanar gizo 4: Bayanai musamman na dandalin sada zumunta na whatsapp. 😎	neutral
“@user: Wenger: Kofin Premier ya yi mana nisa http://t.co/2cgYYCCizN” Yo da fa? 😂😂	neutral
@user Tambaya kuke ko Neeman sani ko kuma Karin bayani🙄	neutral
@user Shi hanta ya saya achan tukun, bari Mugama da corona anan.😀	neutral
@user Toh Mutanan Gama kuna jin zancen nan fah 😂😂	neutral
@user Sarki Bread Me yanka yanka tsarabata🙈	neutral
@user Hmmm To me hakan yake nufi kenan?😕	neutral
@user Akwai tuwon alkama miyar bushashshan kihi 🐠 🐠 😋😋	neutral
@user Idan da Amana ruwa ba yadafa kifi ba🐠	neutral
@user Mudai afada mana hakane?🙄🤣	neutral
@user Ashe tana da aiki 😏	neutral
@user Wajen talakawa ba... Wanda ga daki ga daki kaman kaji.. Masu kudi kuwa ana zama zanZan Kowa da flat din ta. Kowa da mai aikinsa. kowa da motar sa.. Kowa da direban sa. Ga kaji ga Maggi 🤣😊🤔😀	neutral
@user @user @user Bani da labari yan mata 💃	neutral
@user “miyau miyau” want this🙄🙄 https://t.co/bQVvIk90hT	neutral
@user Dakyau yakamata kufara ta yankura sabon gari 😆😆	neutral
@user A takaiche maganan indomien nan bai wuche ba fa 😹	neutral
@user Sunan wani waka wai shi open fire. Ana tayi munataji😋	neutral
@user Bafa majin maganar🙄	neutral
@user @user 😀😀har kasa ni yaban tausayi ma	neutral
@user Saima sun kama Liverpool sannan kuga ruwan ⚽⚽⚽ a ragar su	neutral
@user @user @user Tafiya ya kama mu 🚤🚤	neutral
@user Zamani! Mara aure su keba masu aure shawara😂😂	neutral
@user @user Kaji Wannan dan ALLAH 🙄🙄🙄	neutral
@user bbc wlhy da son magana kuke😃	neutral
@user Ina da tambaya wai iyakar Kaduna da kano guda dataye 🤔	neutral
@user Don Allah don Annabi SAW ki daina magana kan issues dinnan, don Allah 🙏	neutral
@user 😂😂 Waike Baki Tahiya Dani, Kata Tayat Jirgi ta?😂😂	neutral
@user Meye ‘Dan madundumi’ ban taba Jin kalman ba a Hausa,😀	neutral
@user Da nine Mai martaba zuwa Zan yi na wanke kaina,,,,, ko kuma nayi murabus 🤔	neutral
@user Abun de ba'a cewa komi 😶	neutral
@user 🙆‍♂️ Shi kuwa trump me yayi zafi hk?	neutral
@user @user @user Kamashi Kawu Mai Unguwa 😂 😂😂	neutral
@user @user @user @user @user. ALINUHU DRAM haahhh😈😉😃😉😉😡😦😢😢😢😢😢😢😢😢	neutral
@user Mudai sai ya zama cheap mu kalla a wayoyinmu😂🤣	neutral
@user Hahhahaha, ai gara ma ya dawo sabon ko crono ta rasa gurin zama😂😂😂😂🤣🤣	neutral
@user Ai bazamu sake basu ba kashewa zamu ringa yi, Saboda mun gano duk bakin su daya. 😎😎	neutral
@user Wai wannan mutimin ko daaa yayi aiki a prison ne. Naga ya piya son kulle mutane 😂	neutral
@user Assha kada dai a Fara daukar ta Facebook 😀😀	neutral
@user @user Wai Ina. Gwamna. Ya shiga wajen mana. Ya maye gurbin Mahmoud. Koya Samu kudin Takara. Kuma 😍	neutral
@user Amma kema yanzu kinyi kiba ai😁😁😁	neutral
@user Daga fadar shugaban kasa.👂	neutral
@user Wllh Ana cikin yanayi😭😭😭🤦🤦🤦	neutral
@user @user @user @user @user @user @user @user @user @user @user @user @user @user Alkawarinmu Nanan🎵❤😭 Lokaci Ne 🕺🕺🎹	neutral
@user Aha! Anzo wurin 😁	neutral
@user Ai abun zanyi shine kawai in fece🏇	neutral
@user hhhh Abin Dariya wai jariri ya tsinci Hakori😁	neutral
@user Nifa har ynz baaimun bayanin d zan ydd akwai corona a Nigeria b,da ace naga ta kama buhari ko ganduje ne to zan iya yarda ta shigo 😂😂	neutral
@user Glamour😍😔 Dan Allah Ku bata shawara ta dai painting fuskarta, https://t.co/I4VFClWhSY	neutral
@user @user Baba ai mun San za'a Rina...ja muje 😁😁😁 @user	neutral
@user Haba hajiya Rahama Sadau kamar ki guda don an zaftare Miki 550 a account naki me zakiji kar ki bamu kunya Mana mu fans naki koh da dubu 5k aka cire Miki bai kamata mu muji ba, mu kuma muce me idon aka cire Mana 🤔🤔🤔🤔🤔😱😱😱💃💃❤️❤️❤️	neutral
@user 🤣🤣keep watching.U will understand idan yazo qarshe😆😉	neutral
@user Wai ta 'doke' 😂😂	neutral
"@user Mai kwadayi mana, domin ae Hausar ma cewa tayi """"""""mai kwadayi shi yasan gidan mai rowa"""""""" 💫 kuma wannan gaskiya ne. 😂😂"	neutral
@user har ciki na ya kulli ruwa.😃😃😃	neutral
@user Ina ma ta ce da ni take 😀😁😋😋😋	neutral
@user Yau lashewa saikace wani minti? 😃	neutral
@user Akwai shinkafa a kano 😂🤣 there is rice in kano	neutral
@user @user Ku masu kudi ne ae sadau 😋😂💔🥺	neutral
@user Manjo da mukarraben sa 😂😂	neutral
@user Yafi reza kaifi😂	neutral
@user Ya face dama suyi 👍👍	neutral
@user Baza aje ba 👉	neutral
@user 😂😂Wato dgsk zasuyi kenan! Yayi👍🏻	neutral
@user A'a kawai dai kice kin bar min shi 😄 @user @user	neutral
@user Yanzu haka anguwar ba wuta ☹️	neutral
@user @user Toh shikenan mallam taska 🙌🙌🙌	neutral
@user Mukam sai yazo wayarmu 😒	neutral
@user Nifa wannan ya girmi kakata 🤔	neutral
@user Kai jama a what are u saying ne wai anshamune abun mamaki wlh banida lfy ban kallaba inata kaina what is the answer pls 🙈🙈🙈	neutral
@user Wani irin yaki? Da makami ko dame 🤔?	neutral
@user 😅 Inmadai tsafin beyiba saci nama	neutral
@user Wane darasi shugabannin wannan zamani za su koya daga marigayi Janar Sani Abacha, wanda a yau Asabar yake cika shekara 21 da rasuwa? 😭 Tsohon shugaban mulkin sojan Najeriyan ya rasu ne a ranar 8 ga watan Yunin shekarar 1998. https://t.co/oZJOdxa6Sm	neutral
@user Wai dama haryanxu ba,a gama tallan ba ?🤗	neutral
@user Dan allah in Akwai maiban milyan 2 yace nayi kasun shekara 5 😒😒😒	neutral
@user @user Ba yan Najeriya kadai ba😂😆	neutral
@user Lol 😂 Ai banji ya rantse ba	neutral
@user Toh aure zai kara lalle kaima kashiga shu kenan😂😂	neutral
@user Hahahahah tabaya ga wasake kenan ai kamakara 😂😂😂😂😂	neutral
@user Ashe har yanzu a wajen BBC ma sanusi sarki ne ❤️❤️✊🏻	neutral
@user Wai dama kudin ba ako ina suke rana bane?😂	neutral
@user Kuma zata dawo ga mai nisan kwana! 😂 😂 😂	neutral
@user Muna rokon gwamtin Zimbabwe 🇿🇼 data daure ta biya ma'aikatan jinya domin su koma bakin aiki, dan Allah	neutral
@user Nima nakellace kaina saboda Coronavirus😍	neutral
@user Toh wae 🤔🤔dama KU jira kuke a kula daku	neutral
@user Turmi nawa za ayi toh...😂	neutral
@user Dukkansu kuma daga Afrika suke 😍😍😍	neutral
@user @user 😭😭😭😭sorry mu kawai hajiya rahama k mbappe da angel di maria sune suka cire mu a final din champions leauge	neutral
@user 😂😂😂 Wannan Ai Daga Baya Ne	neutral
@user Baa daama Kuma mutum yayi azumin magana, sai Kun sa mai ido.📍	neutral
@user @user Sai dai t siya d kanta 🤣🤣🤣	neutral
@user Bounjue hajiya sadau, yasanyin a Paris takeh neh?, nasan yaninka nah naija Koh😂	neutral
@user Kamar yanda kuma neman kudi ya kai ku majalisa ba. 😚	neutral
@user Basaban ba dan kauye yayi a gogo mun dade da gani ae😂😂😂😂	neutral
@user A Nigeria kenan sai azabge ma ministan albashin shi na shekaru 4-5.😅	neutral
@user Don Allah ku bari muyi karatu...🙏🙏	neutral
@user Omo, come see Hausa oo, wannan sai kace kune TSATSON Hausawa😂🤣🤣	neutral
@user @user Ai kuwa ga baki abaje kamar kace bajoga 😁	neutral
@user A bawa sunusi lamido kawai🤪	neutral
@user Yau kafara fadi ne?? 😠	neutral
@user Kunfi kowa sani ai, tunda ku kanku pic din Messi kuka saka a maimakon pic din duka teams din😎😎	neutral
@user Ta hanyar binne duk wanda ya mutu 😁😁	neutral
@user Ya akayi haka yafaru?? Ikon Allah maisa ayi tuwo ba garri😎😎🙅	neutral
@user A sa mana hannu muma ko dan 20k ne ma mu samu 😭	neutral
@user Saboda su basuda komai sai sex🤤🤤🤤	neutral
@user Se an hada da aljanu ko? 😳	neutral
@user Kira mu United Nations kawai😂😂😂	neutral
@user Haba rahama me akayi akayi 550 keda ynx zaki iya mai da ninki ninkin ta ! Wuyar ta ki bada qofane pha wani ya shiga shikenan 😩	neutral
@user Bamu ji bakin ku ba 🙄	neutral
@user 😂😂 imagine idan ya samu kudin, wannan mata saiki shirya zama ku biyu	neutral
@user @user agadkiya munaso a dawo mana da presidor a wannan karon👌	neutral
@user Ruwa kusa da Kada🐊	neutral
@user 🤣🤣🤣 a cikin Villa kenan ko	neutral
@user meyasa kikesa chain a kafanki 🤔	neutral
@user Wai kano kullum magana daya 🤔🤔🤔	neutral
@user @user Maganin zaman duniya kenan 🙌🏽	neutral
@user Kai ya dau chaji😄😄🤗 ance aci gaba da hawa sararin samaniya kenan https://t.co/BACQYzIGUy	neutral
@user @user Wai ita wannan ba Bahaushiya ba ce? Bata saka ɗan mayafi ko hijabi na zamani 🤔	neutral
@user Ke abeeda ba kimin wanke wanke b kika fito😂🤣😂🤣🤣😂🤣	neutral
@user @user Zaki fita uku Kuma 😂😂	neutral
@user Nima banso muyo rabuwa Ramatu..😫😫😫	neutral
@user Dan sanda Abukin kowa Dan sanda ko Yayanka ne inkaiyi laifi sai yakamaka i,Dan shi bai kamakaba Toh sai yasa wani yakamaka 😡😡😡	neutral
@user Kace @user kasuwa ta bude 😂 😂.	neutral
@user Yanzu misali idan Bazoum yakai naushi yaza ayi? Pls😅🤣	neutral
@user Idan ba ka san gari ba, zaka bata😌😌🤣	neutral
@user Toh sai sun dawo nayi nan 🤸‍♀️🏃‍♂️	neutral
@user Wannan lamari da ban dariya yake 😂😂😂🤣😂🤣🤣🤣 Saura Baca.	neutral
@user To kekuma meya kawo ki keda ba yar hausawa bace😂😂 Kefa yar fulani ce ki bari sai ranar fulatanci zamu taya ki murna 😂	neutral
@user Barina lallaba na canza wayana tunda bulus ta samu 😂	neutral
@user shine sabon garba shehun kenan😁	neutral
@user shekarun mamanta? Sannan nawane shekarun babanta?Kina da damar turawa abokanka ma'abota lissafi don neman amsa🤔🤔🤔?	neutral
@user Hmhmhm 🤔🤔🤔 kai Yayi gudun tsirane	neutral
@user Ban damu ba😁	neutral
@user @user @user @user @user @user Muna nan muna jiran northflix premier 💃💃💃	neutral
@user Ba mamaki ana dafa abinci a gefe..😂🤣😁	neutral
@user Shin Dama iyakukin narufi ko dai saboda Tattalin Arzikin Nigeria ya qarine za'abudi.Hum wuya Mai sa akwana bayan sarakkowa🙊	neutral
@user My Country Nigeria 🇳🇬 Kasata Nigeria 🇳🇬 itace hasashe na	neutral
@user yau ba kasuwa koh 🤣🤣🤣 https://t.co/eVS5DeZueA	neutral
@user Zamuyi maganinshi ai. Muna kallon shi kawai 🧐	neutral
@user @user Idan an samu wani “ taut”din nan gaba babban Yaya ayi mana tag dinsa mu tare shi, idan yaso kaje kaci gaba da suburbudo mana episodes kawai, they’re lucky having heard them mun jisu but don’t let them heard from you, domin silence is the best answer to a... 🏃🏻‍♂️🏃🏻‍♂️	neutral
@user Wai sabuwar corona CE aka sake aiko mana😂	neutral
@user Alh Manir Ja'afar Yariman Zazzau 🙏 https://t.co/dWg9yNw4au	neutral
@user Saboda ME, kuma ina kudin 💴💴💴 da aka ware saboda aikin titin???	neutral
@user Saboda sun fito final shi yasa aka tuna da su ko😂😂	neutral
@user Buhari na kiran su magana zai Kare.. Duk yan kananan kwari ne 😂😁😀😎😊😋	neutral
@user To muda muke kaduna yanzu fa, Kuma kinsan babu sinima acan🤣🙈🤣	neutral
@user Duk girman gonna lambu yafita🤣😂	neutral
@user Haba dai.. Akwai tambayoyi da nake so na yi masa🤔🤔	neutral
@user Nidai plzzz idan mutuwa xamuyi afada mana kawai🥺🥺🥺	neutral
@user @user a fadawa Baba a bude muma Dan allh mun gaji 🙏	neutral
@user No doubt, yakamata su hadamishi dana bakwai, takwas, tara, da goma🏆🏆🏆🏆🏆🏆🏆🏆🏆🏆	neutral
@user Yana nufin na nesa kansha dadi😂	neutral
@user Hmm 🤔 wannan Kam sai dai a Tambaye su.	neutral
@user Mu kam mun dade da shigewa daga ciki. Jiya muka cika wata 4.😂😂😂	neutral
@user Yau kwana uku na sayi nawa 26000 wallahi😭	neutral
@user Yna buqatar shan'eska knn🤣🤣	neutral
@user Abnd ya dace shine a canza shuwagabannin Tsaron Nigeria a saka sabbi a dauki sabbin jami'an tsaro a bawa ko wace State Jami'i 1000,Soja, Police,Civil defense etc. sannan kuma a sawo musu sabbin makamai sannan kuma a Kara musu Albashi.sbd abar sace Muna Yan uwa wannan shine 🙅	neutral
@user Zaki ganni a mafarki yau😭😭	neutral
@user Kala da kalalatu Labarin abokai guda uku 😂	neutral
@user 😀😀😀 kowace wutar kara ta kwana..	neutral
@user @user The 3rd pic be like yi sawri kadawka zan dan yi wani aiki neh😂😂	neutral
@user Ko kadan, hanyar 🚁🛬 daban hanyar 🚗🚐daban	neutral
@user Me xasuyi dashi 😃😃😃😃	neutral
@user @user Cemai gwamna AQara kwado 😎	neutral
@user Idan baka san gari bah kayi tambaya🤣🤣	neutral
@user Ah haba dai! Ita ma dai Hajiya @user ai ba'a take yi. Wannan zamanin ai tuni ya rigaya ya wuce 😀	neutral
@user @user @user @user @user @user @user @user 😂😂😂😂 kuje kuma Oga	neutral
@user Maganin gari me nisa🤷‍♂️	neutral
@user Abun yazo kanmu inji mai tsoron wanka😷	neutral
@user Nifa haryan banji suntarkato Dangote da kayansaba Koshima bayeraben ne.😠	neutral
@user Rabon kwado baya hawa sama 👍👍💯	neutral
@user Yo Sau Nawa suke fadar wannan maganar? Haka Ankayi Sakkwato komai yayi shiru, To Shin Kaka harkagga take ta sakkwato Koko itama ta wuce kamar sauran?😂😂	neutral
@user Nidai awurina bakuskure wallahi🥰	neutral
@user To ko me yake cewa kuma🤔?	neutral
@user Ka fara kawo wanda ka kwashe😂😂😂😂	neutral
@user Daman Saboda 'yan sanda muke sawa 🥵🥵🙄🙄 a 9ja•	neutral
@user A bar kirgawa.... 😀😃😄😁😆	neutral
@user and @user sun hada karfi da karfe sunce a fada masu farashin kannywood film industry zasu siya #kannywood for sale 🤣🤣🤣	neutral
@user Yana nufin mu siya wukake 🔪kenan mu tayasu	neutral
@user @user Haj.ramatu kin gaji ne😷	neutral
@user Ta ina ya shigo?🤔	neutral
@user Naga kowa saya kawai yake, manya da yara 😂	neutral
@user Me xai hana ya dau mataki ko sunfi karfinshi ne mungaji da magan-ganu ba acikawa 😡	neutral
@user Alabaran bbc na safiya🤣🤣🤣🤣🤣😇😇😇😇	neutral
@user yadai,,, rahma ko kema kina tunanin azumin goben ne??😄	neutral
@user Zarcewa zuwa kabari Koh😃?	neutral
@user da zanenta yaganta lol 😄	neutral
@user Mun kalubalancesu da wannan kungir muma😁 https://t.co/K3ZDEzK8SE	neutral
@user Inkasha kabawata matanka tasha da yaranka ahana talaawaa😋😋	neutral
@user Ina hasashen Kasar Masar 🇪🇬 ce zata yi nasara cin cup din	neutral
@user Sunce tayi wayo ko🤣🤣?	neutral
@user Ai Mun Wuce Kalubale Har Munkai Kalubalbalaa 😁😁😁	neutral
@user @user Yauwa kiyi tallar mati einki yafimiki 🙌azo asai mati mati zai kare	neutral
@user Zafi da karar kayan kowai ya'isheshi😂. MansNotHot	neutral
@user Hhhhh sai yaxo a bashi hayar commander 🤣🤣	neutral
@user Lailai dole na koyi indisn ci wlh🙄🙄🙄	neutral
@user Matsalar shi😏😏😏, ai shima din ba gwara💁🏼‍♀️	neutral
@user Salon Kuma inji ance za abiya diya. Sbd ZAMFARA, katsina, sokoto Niger, maiduguri, kaduna, kano, yobe ankashe sunfi million. Amma shiru kakeji😎.	neutral
@user Ado gwanja fa...!? 😮	neutral
@user I was in kano on Saturday and wlhy harna bar kano banga wani da mask ba😂😂😂	neutral
@user A bude ma yan sumogal boda a gani😂	neutral
@user @user @user @user @user @user @user @user @user wa'innan sun Isa ko a karo masa wasu kari?🤣🤣🏃🏃.	neutral
@user Idan Buhari ya gama, shima Bola Tinubu so yake ya ci gaba daga yadda Buhari ya tsaya ko?! 😂	neutral
@user Ya kamata ywn Nigeria su tsaida el Rufa'I a matsayin shugaban kasa 2023☝️😂😂😂😂🤣	neutral
@user Lallai....🙆🙆 Nikam ban kara yawo 🏃 🏃 🏃 nayi zamfara har sai ankamashi	neutral
@user Tor ai hikenan Yanzu zakaga mutanenmu suna qoqarin shan kuka ko dan service 🤣🤣	neutral
@user Anata dai Tsufa a gida ba Aure😕😕	neutral
"@user Ko menene """"""""cincirindon"""""""" kuma, oho 🤔"	neutral
@user @user Wanga irin runguma😍	neutral
@user @user Kai 400,000 a kullum kow dai baya sane yafi hk cap 😂😂😂😂waini aikin sai a Nigeria	neutral
@user @user Hahahah... Babban darakta ana dinma Shiri zaka mun kenan...ai Na Umar daban da naka, Gombe da Bauchi Uwa 1 uba 1 ne, daga kano nake jira...😂😂	neutral
@user Hhmmm...mude yaran malam shehu bammuchewa kumai .iya jindadinka aduniya watarana sai Labari😱😳😞	neutral
@user Amma a mafarki😂	neutral
@user Hmmmm sai ma sun kure kenan zaka far masu kai🤔😥 9ja my country 😦😀	neutral
@user Daman The Great Wall of China Itace bangon duniya ? 😂yo daganan Ina zasu tsallaka?😂	neutral
@user Yanzu wannan rahoto ne😂😂?	neutral
@user A yadda maganganunka da siffarka suke kusan sai nace wallahi ba harkar film ce ta dace da kai ba, amma Allah ne masani kowa akan qaddararshi yake tafiya👐	neutral
@user @user sadau a zazzau😂	neutral
@user Kowa gari dai da irin nasu harajin. Wasu sunce balagaggu wasu kuma nasu biredi🤣🤣	neutral
"@user BBC akwai iya rubuta """"""""headline"""""""" 😅"	neutral
@user Kaji mazaje 😃 ta ruwan ma ba'a baya ba	neutral
@user Tarin barar da pk ko😂	neutral
@user Kaduba kaji Dan Allah 😡	neutral
@user Gaskia yan Bbc basusan Barca kamar yau aka fara ball ⚽️ 😂😂🤣🤣🤣	neutral
@user @user 🤣🤣wai latsawa kamar wata calculator	neutral
@user Toni wai haka zan tazama ba wanda zeyi following dina....ko Dan irin makwotan nan🤔 Kodai kodai	neutral
@user Hmm😡 wannan maganar haka take Domin mu 'yan Arewacin haryanxu bamu gani a qasa ba. Ballantana aci ga wasu mukamai kuma😡 haka kuma wai sunan yaron mune🙈😂	neutral
@user @user Bayan a Zazzau din ya kamata ku fara nunawa, seda kuka gama yadawa a duniya sannan zaku dawo ku nuna mana a zaria😠	neutral
@user Aishi Sambo ya buya ne Wai Tsoro ne ko dai Basaja ne🤣🤣	neutral
@user Suma kampanin datan zasu zafatare ainihin ingancin datan.😂	neutral
@user Tsiyar nasara sai xashi gida🤣🤣	neutral
@user 😂😂😂sai natuna da littafin MAGANA JARI... Gauraka	neutral
@user Ban cika kallon Hausa film ba amma zan kalli wannan da sharadin in na zo za mu yi selfie da ke🤣	neutral
@user Dama turowa yayi a ajiye??😏	neutral
@user Sauran Ke kifiddo mana da best movie naki wanda zamuyi rating nashi five stars😎	neutral
@user Da'alamu an dibi ruwa kafin furta wanan kalamin👌	neutral
"@user A tarihin musulunci ba'ataɓa cilasta wani/wata balantana """"""""ƙasa""""""""akan cewa cilas su shiga musulunci ba!!!! #Islam bisa fahimta da imani ba Dole🙌👳🤷🏼"	neutral
@user 9 month alaji ko autekayi matarka ta s haihuwa😏	neutral
@user 😊 baba kasamu ganima dole kuyi a gida ai	neutral
@user A raba mana kowa ya samu rabonsa mana! Akalla kowa ze sami kamar #27,000 Kut ae dayawa🙄🚶🚶	neutral
@user Shinkafar 30 ake bashi yagudu🦁	neutral
@user Ido sai aje ayi sallah 😊	neutral
@user @user Sirika na ne, ki kawo toshi😂	neutral
"@user: """"""""Ai na gaya maku, ko wasa nake"""""""", in ji Wakili😃😂 #Kanodecides2019 #NigeriaDecides2019 #BBCNigeria2019."	neutral
@user Hahaha wai har yanzu akwai talaka da ke son buhari? 🤔 (tambaya)	neutral
@user 😂😂 Kowa amsar da yabayar tayi dai-dai duk inda aka juya aka juyo dai anan amsar take. Sabo da haka kowa yanada 🅱	neutral
@user Haka Nafi so Wai Ance da Karuwa #Kwanta 🤸😅	neutral
@user Gasky dai gwara a duba lamarin Dan ba kullum mutum yake da saa ba😃	neutral
@user Mukuma muna so a rage albashinsu da kudaden dawainiya. 😎	neutral
@user 😂😂😂😂😂wayyo ga Dan talaka ba? Ko baba? Amma masu samun ai huce fa? Kuma sai sun zaba	neutral
@user Abun ya zo inji Mai tsoron wanka🙆	neutral
@user Kaeee anyaa kuwaa akaraa bincikawaa dee, domin nan Nigeria zamu ganii mukam👌😎	neutral
@user Wanda suka san basu iya Hausa ba su jira mu bada amsar tukunna 🙄	neutral
@user abinda mutane basa ganewa itafa naija ba kasar muslmai bace kadai...👌 akwai christians sbd haka duk sanda akai batu akn wani abu da ya shafi kasa karka dubashi ta fuskar addini ka dubashi ta fuskar abinda kasa take hukunci dashi wato constitutions...kotu tai daidai..👌👌	neutral
@user Ahhhh .... Gaskiya Ba Laipi Har Kwanan Give TUWO Yana Nan Da Martabarsa A Idon Matasan Arewacin Nigeria. Don Ni Dai Kam, Babu Ranan Da Bada'a Ayi Mun TUWO A Gidana Ba. Da Safe Kuma In Karya Da Dumame. 😂 NAGODE @user https://t.co/BmQPoYuxVL	neutral
@user 😁 haba manoma wannan tallafine dazai habbaka harkan noma daga central bank not buhari and wannan bashine mafi sauki dazaku iya karba don cimma nasarar ku	neutral
@user Wannan Zancen Hka Yake @user Dan Yanxu Haka Muna Ciki Muna Ganin Irin Rayuwar Dake Faruwa 😓💯🙏✔	neutral
@user Ehh munkoyi yadda xamu anshi kudi wujin iyayenmu ba tareda mun laba da makaranta ba😂😂	neutral
@user Karo na farko 😃😃	neutral
@user Su ma su rika kamawa gwamnati wajen yaki da corona su bada tallafin kayan abinci a yankunansu da su ke wakilta. 🇳🇬	neutral
@user Karo na nawa kenan,🤔🤔🤔🤔	neutral
@user Wannan shigar ta gwaska ce 😁😁😁😁	neutral
@user Shi buhari din yayi musu adalci neeee🤷🏽‍♂️🤷🏽‍♂️	neutral
@user taff ganduje kuma😄😄	neutral
@user Church Kuma Fa 🤔 Nawa Aka Rufe ?	neutral
@user Duniya juyi juyi wae Tsoho Sarkin kano😂🤣🤣🤣	neutral
@user Babban sako shine muna so ya bi ta hanyan kaduna to kano express way 😃	neutral
@user Wannan 'head line' din ba haka yakamata kuyi Sa bah 😥😥😥	neutral
@user Temakon 🇩🇪 ya isheku kenan.	neutral
@user Kana sai da AMALA abincin mu 🙄🙄🙄	neutral
@user Miyahada Buhari da masaurauta hakan yayi daidai 👏🏻	neutral
@user Hawan ruwa ya kama shi (Ruwan shi ya hau) 😂😂😂	neutral
@user @user 😂 nakasa fahintar inda Gyada ta tazama Kiss Me? Ko a Chinese ne 😜	neutral
@user @user Gaskiya za'ayi shari'ar nan a gaban ka in mun haɗu. 😭	neutral
@user Kawai Kazo Kuyi Zaman Makoki Da Yan Biafra 🤗	neutral
@user Daman munsan alawar lollipop ce ai innai qarya a tambayii yan Man U🤣	neutral
@user Bayan duniyar suka leka😂	neutral
@user Akwai yiwuwar sutafi europa league 🤔	neutral
@user BBC Hausa bafasunan kungiyar nan Samari marowataba. 😏😏	neutral
@user @user Zane shi zasuy ko me 🤣🤣	neutral
@user Yakamata ace duk Nigeria 🇳🇬 munada	neutral
@user 👍 yau daya dai 👍👌	neutral
@user 😂😂😂Malam Yusuf kenan. Batun jin wani abu ai bai taso ba, kawai gaskiya 1 ce Cewa addininmu da Al'adarmu basu yadda wani mutum ya taba macen da ba muharramarsa ba.	neutral
@user @user Toh fah! Inji Gwanja yace wai a Kafta😅😅	neutral
@user Sai ayimin nagani😗	neutral
"@user Mutum da Duniyar sa: kalli bidiyon takaitacen tarihin gwagwarmayar jarumin film din """"""""Black Panther"""""""" Chadwick Basemon. Duba nan 👉 https://t.co/is0CYlkb2Q https://t.co/j39ZKfBiS0"	neutral
@user Dama lokacin ta baiyiba ne 👍🏻	neutral
@user Kibarshi inya kalla shi da kanshi zai Yana😍😁😁	neutral
@user Dan alfarmar Jirgin Sama Dan Matsayin Kasar waje Dan Girman Yarbawa Da inyamurai baba Buhari A Duba TALAKAWA 😢😢😢😢	neutral
@user Kamar Shugaban Kasa Buhari Hannun Jarirai Garishi 😂	neutral
@user Gaskiyane 👌👌 hakane kuwa 🤔🤔	neutral
@user Wani abun se 2019 😁	neutral
@user Tooo Fati kuma🤔🤔🤔 Yadee haka da sunan mata	neutral
@user Ya cigaba yadda yake, saboda da ya zama na kwarae to shirin #labarina zae rage kyawo walla😂💔	neutral
@user Mu dama muna gida kowa yabar gida gida ya barshi 🤪🤪🤪	neutral
@user Baza ayi Christmas da ita ba👍	neutral
@user Zakaran da Allah ya nufa da girma ko yaushe zaa iya yanka shi 😎	neutral
@user Aka haifi me kayan miya 😂😂	neutral
@user Wannan kaman tana makarantan sakandare 😂😁😀😋	neutral
@user @user @user @user Ina ma ace ina kano🥺😭	neutral
@user Inaso nayi participating a akushi da rufi plx🙏🙏	neutral
@user soyayya dai malan ummaru 🤣🤣🤣	neutral
@user Zan koma Nijar knn😂😂	neutral
@user Daman wannan itace Katrina kaif🤔	neutral
@user Zata faru dai🤣	neutral
@user Babu zakara, sai kaza kenan ko 😂	neutral
@user Ta leko duwaiwain.....kai bi a hankali fa 😡	neutral
@user Gamu Tareda yan family 👪 naku muna Dunkin tela tailored a argungu @user	neutral
@user Dani zaka rufe kenan zan bayar da milyan12 🤣🤣🤣	neutral
@user Haryanzun hutun bai kareba 😀😀😀	neutral
@user Na tabbata ba'a STRIKE a gidan yari🤷	neutral
@user 🤣🤣meye abin mamaki to	neutral
@user Toh mene yakaishi bakin? 🤔	neutral
@user Wani albashi Kuma yanzu eyeee😭😭	neutral
@user Abinda aka ce a daina amfani dashi 🤔	neutral
@user Wai talla ma za a saki, cab! 🙄	neutral
"@user Sai kam """"""""Ka tsinci kanka"""""""" 😅😂"	neutral
@user No wonder😂 ashe shima yana shafa hoda 😂💔	neutral
@user Ko yaushe zamu kai ga hakan a Najeriya 🤔	neutral
@user Sun tsare ta tayi duk abinda zatayi ae cikin aikin su ta biyo 😏😏	neutral
@user 😅 Naji kuskure da gudu	neutral
@user Wanna sai kace fada 😂 😂	neutral
@user A matsayin na wa kenan? Oh ashe fa itama public figure ce 😂 😂	neutral
@user Muryarki kadaima za,a gane ki 😄	neutral
@user Haba kukuwa kanawa 2019 muke fa ba 1999 ba...🤦🏾‍♂️	neutral
@user Har yanzu hukunci shiru kamar b ai komai ba😥😥	neutral
@user Sabon karin magana Aikin banza hararan rahama sadau a Twitter😂😂😂	neutral
@user Dama ai ina binsa kudade masu yawa ko? To akawomin shi sauran na yafe😅😂😅😭🤣	neutral
@user Ake wanka da wanki🤣😂	neutral
@user Gobe Akwai zuwa Kano kenan 🤣🤣🤣	neutral
@user Irin na doki ne😥😥😥	neutral
@user Hahahahah abunfa ya dai zafi😂😂	neutral
@user Yawale Kenan Ashe Da Soyayya Mama Aisha Ta Rike Mana Shi Amma Wallahi da Tuni Ya Shilla ✈️✈️✈️	neutral
@user Kanal genar ne kawai don ganduje yana jin maganarsa sosai kamar baban sa😂😂😂	neutral
@user Okay To Adebi Jami,anstaro Ace Sununa Hanyar dasuka biyo don aceto Sauran sifiliyan din DA,akai Garkuwa dasu 👈 @user police Tire🚶🚶	neutral
@user Trump ya jishi a Nigeria kwatsam.😎🤐	neutral
@user Wani abun said turawa🤓🤓	neutral
@user Lol 😂 Anya buba inada lfy kawu 😂😂	neutral
@user Mubamusan rayuwar tamuba saikunfadamana 😂😂	neutral
@user Gaskiya AA dalili an dade ana gafara SAA banga qaho ba 😡😡😡	neutral
@user Ku kuma BBC kurasa hotan wa zakusa saina Hazard ina laifin Benzema ko Ramos 😎	neutral
"@user Su waye """"""""yan uku sanda kuma bbc🤔"	neutral
@user Kokadan, saima hauhauwa dayakeyi kamar farashin shinkafa da man fetir, a Nigeria 😎	neutral
@user @user @user @user Sulaiman Bosho Rabi’u Daushe Mustapha Naburaska Aminu Ari baba Saratu Gidado Kamal S. Alkali Haleemah Atete Shehu Hassan Kano Mujhe Chal Darnah Aghaya 😂😂😂	neutral
@user Shafa ko baban gida mai gurmi 😂😂	neutral
@user Lol 😂 ai mu munsani masu kudi a kasa Shen ketare	neutral
@user Duniya lallai taxo karshe😥	neutral
@user Shene tayi zuru zuru da edanuwa😂Hakan yayi kyu hope Nigeria 🇳🇬 will take note	neutral
@user Kasan halin mutanan namu😂😂	neutral
@user 🥺 Wata sabuwa kenan inji yan Cha-Cha	neutral
@user Ogah @user wlh kungaji tsawon kwana sai kayi dari kaima😂😂	neutral
@user YDG hakika cin bashi tana taka muhimmuyar rawa tsakanin jama'a koh Shago ne yau idon Ana karban bashi ba'a miyarwa tana karyewa 😭😭	neutral
@user Su chanza sunan zuwa farin ciki 😉	neutral
@user Ni gaskia akawo Muna a sakkwato😢	neutral
@user To in a ruwan mu😏	neutral
@user Ashe bullowa yayi🤣	neutral
@user @user, bakuda photonsa na juventus kenan wadda yanuna Yana cikin damuwa🙄🙄	neutral
@user wata sabuwar inji ƴan ca-ca🤔 anya wnn gwabanan lfy yake kuwa?	neutral
@user @user Kaima president din gobe kake neh🤔🤔 Tohm Nigeria dai ba kaduna bace	neutral
@user Minti cassa'in ne zai bambanta..😎	neutral
@user 😂 lol baki ga ko nawa aka Ciba ne	neutral
@user Da fatan sunan sa Messi 😂	neutral
@user Da yace shi baya ji😂😂😅	neutral
@user Arewacin Najeriya mu dai kam sai addu'a😥	neutral
@user Kai @user wace kalar tambaya ne haka😂🤣	neutral
@user Hehehe! Tsoho yaji alert..😏😏	neutral
@user Sabida wani laifi tama sah ne kam dan allah Ina buka tar amsar ku 😳🤔 Kuma shi nasa a na mi zai kamatah ne wai kam @user	neutral
@user 😂🤣😂😂 lol Mudai indai kalan coronar Nigeria ce indai anabamu kudin kawai suyita karuwa	neutral
@user Kuttuma😲😯😲😯😲😯... Haka uwargidan nan na da kariya ashe?🙄🙄🙄🤔🤔🤔😏😏😏	neutral
@user Kai Ai Babu kamar #kANO Domin Nazo Kano a baƙo kuma naki jiki😥😥	neutral
@user Addaurayie da bakatsine 😂😂	neutral
@user Mal aminu naga presdo kamar ya shiryu ko😂	neutral
@user @user ta Raba ƙafa😋😋	neutral
@user Da bamu san asalin balbela ba sai tace mana daga Saudi Arabia take, 🤐😕	neutral
@user Au sai yanzu kuka sani 🤣🤣🤣🤣😂	neutral
@user Rabin katsina ashe cikin bodar yake😄😄	neutral
@user Ku Saketa tayi tafiyarta mey be tsautsayini 🤔	neutral
@user To kasan zaka iya haka kuma ka basu wahala, ka zabi wanda kake so mana 🙄💁	neutral
@user An boye wasu abubuwan ☺️☺️😹😹😹	neutral
@user Gaskiya mantuwa sukai kaso 80 zasuce ina jin 🤔	neutral
@user akace baya ji😂😂😂	neutral
@user Ohooo ina mukasani😶	neutral
@user Wayace su bar dan Kenya Yayi? Ai sunfi kowa gudu 🏃🏻‍♂️	neutral
@user Muma dai gamu a layi idan wata tafado kasar😊😊	neutral
@user @user Akwai azumi fa gobe Dan haka ki dau Samara 😂😂 @user	neutral
@user Majinginar 'yan Nigeria 😅😅😅😅😅	neutral
@user Kwana nawane zai bar wajen gaba daya🤣	neutral
@user Tarihi ne zai maimaita kansa 👌	neutral
@user @user a na magana a nan 😹	neutral
@user @user @user #Chahiyhe wanna ma sai nabuba kamus 😄ko zan Samu kalman	neutral
@user Naga alama ashe kenan mai jehowa😳 https://t.co/OLIgRldyrO	neutral
@user Suma turawan da suke tallafa mana ai ba dn Allah suke tallafa mana bah, sunayi neh domin wata manufa tasu ta daban...👌	neutral
@user @user 😂😂😂 Malam Fa Haryanzu Be Ji Alert Ba	neutral
@user @user 😂😂😂😂😂😂😂😂😂😂😂😂😂😂😂😂😂😂😂😂😂😂😂 Amma dafatan dai za'a cigaba	neutral
@user Haba mustapha, da samu da rashi duk na ALLAH nae, kasan xaka koma wurinsa ko yanxu ko gobae, ka'iya bakinka.🖕	neutral
@user Me suke nufi 🤔	neutral
@user Real Madrid sosai ma kuwa 🎊🎊🎊🎉🎉🎉🍾🍾🍾🍾❤️❤️❤️	neutral
@user Yanzu 2 and 10 suke yi 🤣	neutral
@user @user Gaskiya kam inde akan hakkin kine 😍😍	neutral
@user Watoh a cigaba da gashi kawai suya sai ranar Salla.🤔	neutral
@user @user @user @user @user Munanan. Zamuga yanga 😂😂😂	neutral
@user Wai zargi🤣🙈 abunda gashi akan hanyoyin kasar nan baro baro kowa ya sani.	neutral
😂😂 “@user: An ci fenariti 36 a gasar Premier Nigeria http://t.co/tNPsxqOWTJ”	neutral
@user Inafatan Nigeria 🇳🇬 ma zata karba	neutral
@user Dan Allah in masarar tay dusa atemaka akawomana Masha dan malele ko danbu🙄😎	neutral
@user Ayidai mu gani 😎	neutral
@user Duk buge ce😂 zasu koma idda suka fito	neutral
@user Dan iya sai asauka🤨🤨	neutral
@user To ki fassara mana me yace mana 🤕😷🙄 @user	neutral
@user 😀 see this man!! wannan maganar bata da Amsa.	neutral
@user Toh fa kinsa kowa koyon indiyanci😁	neutral
@user A satin daya gabata...ana bada tarihin shekaru ashirin da suka wuce sai ga nambar wayar kamfanin etisalat ya bayyana a jikin motar da Rabi'u suka tsaya...😆😭🏃🏃🏃 https://t.co/aiWTHVsze3	neutral
@user @user @user @user @user @user @user Ni na isa, yarda kayi saurin amincewa shi yasa na tura kokon bara na nima 😂	neutral
@user Wai ya maganan huduba ne munji shru 😂😂👌	neutral
@user Manufa ta samu al'umma najeriya gareku duk wanda yake da wani korafi to yayi ikirarin zanga zanga yagani inba a biya masa bukatunsaba😂😂😂	neutral
@user Kaikayi inyahau jikinka akwai radadi😀	neutral
@user @user Nimade catfish account xankoma sbd anfi cin abinci dashi 😅	neutral
@user BBC baku ba Aljanna😡	neutral
@user Nigeria sai Addu’a 😭	neutral
@user @user Ana sayarwa da maza???? 🤣	neutral
@user An dade ba,a hadu ba 😅😅	neutral
@user Nima ina kan hanyar gwadawa kuwa 🤔	neutral
@user Mati A Zazzau is out..??🙄	neutral
@user KU BANDA KU...🤔	neutral
@user Nigeria zata iya cin gasar idan taci Cameroon 🇨🇲 kuma bata hadu da Egypt 🇪🇬 ba	neutral
@user Anbashi daloli kenan 😂	neutral
@user Ya sauka Suma sun sauka 🤫 Tau yage Neman su👀👀	neutral
@user Ni kuma a tweet nike biyarku💖🙌	neutral
@user Kaiiiiiiiiiiiiii,,,!!! 😂😂 VOA ae tseren famfalaqi sae ranar da duniya zata tashi za'ayi kuce dae masu tsereren gudu	neutral
@user Dadi na da gobe saurin zuwa😊	neutral
@user Aikuwa gatanan tayi kalan Ganduje 🤣🤣😂😂	neutral
@user Toh mal. Su kuma wadanda suke aure a film, meye matsayar su...🤔🤔🤔???	neutral
@user har ya bani tausayi!😱😱😱	neutral
@user Ai su ma cire rai. Ko da VAR sai mun lashe laliga wannan zangon 😂	neutral
@user Mata sadau ina nan inajira f 🌺	neutral
@user Nadai so ayi mgn nan kam 🤣	neutral
@user tunda muna kwaikwayon tsarin mulkin kasar amurka ne mezai hana mu kwaikwayi wannan kokwa 🤔	neutral
@user @user Nidai chocolate ido'na ya gani. 🚶	neutral
@user Aci gaba da nutsewa kamar jirgin Titanic....😂😂	neutral
@user @user Hahahah Alolo ai yayi biyunka 😆😆	neutral
@user nanesa ke albarkatuwa😐	neutral
@user @user @user @user kunji yar takara ta gaske😂😂a gayama bakama suna ya janye shima	neutral
@user Wannan Aikin @user ne 🤔😢	neutral
@user Hhhhhh 'yan siyasar Nigeria ai sun Saba yin haka. Drama a kotu dan su kubuta daga hannun hukuma. 😂	neutral
@user Duk da ta saka takunkumin🤔	neutral
@user Fati wannan Bullen kamata yai kije a goge shi wlh, 😁🤣	neutral
@user 😂😂😁😀 dama kwan agwagwa ta seya	neutral
@user @user @user @user 🤔 kache wannan film din yatara jarummai dayawa	neutral
@user Idan duka yayi uawa ai n kai ake karewa kawai ai b wanda zaice g matsalar😂	neutral
@user Ko ba farin jiniba🙄😏	neutral
@user @user ka ida musu 😂	neutral
@user Kai wallahi sai mun kira kasar mu NIGERIA Dan kunci bashi saiku chanxa ma kasa suna 😒😒	neutral
@user @user Powder za’ayi da ita 🏃	neutral
@user Garwashin wuta ne mana 😂	neutral
@user mukam kafin wannan film MATI A Zazzau yazo garemu musaya a shaguna Sai ya zama photocopy. Munakan jira😴	neutral
@user Dan 💨 sai yau yaga dama	neutral
@user Gaskiya ne a yanzu ba, tunda shi sabon aure ne bai San Mata Ba 😂	neutral
@user Abuja ne kadai akwai mutane a Nigeria 🇳🇬??🤨🤨	neutral
@user Of course our kannywood 👸	neutral
@user Nace dai Ba berayen ofishin bane, kada a dauki alhaki fa🤣	neutral
@user Ka'idojin da suke sawa wajen samun irin wadannan tallafi gwamma suce hakura🙏	neutral
@user Don Allah su tsaya mu yatai mana yakai mana coca cola cup😂😂🤣🤣	neutral
@user @user @user @user Eah Lallai ba karya zamisha kallo Yaya Dan-kwambo ya karo wulakanchi yanzu ga kudi Kuma ga soyayya Hmmm toh fah 😂😂😂😂	neutral
@user Daga baya kenan tunda dai zai sauka🤣🤣🤣	neutral
@user Saura kuma ni da ke💍💑🔒	neutral
@user Mu kuma miliyoyin dalibai na nan suna gararan ba saman titi you refuse to do something, At long last👇👇👇 https://t.co/BQcc4PPlBy	neutral
